BYYY,BM,BD,BH,EYYY,EM,ED,EH,SST,SSTANOM,HOTSPOT,DHW,Lat,Lon,Reef_Name,
2000,11,28,2,2000,12,2,3,27.8,0.1,0,0,18,-67.5,Puerto,Rico
2000,12,2,3,2000,12,5,2,27.4,-0.2,0,0,18,-67.5,Puerto,Rico
2000,12,5,2,2000,12,9,2,27.5,0,0,0,18,-67.5,Puerto,Rico
2000,12,9,2,2000,12,12,3,27,-0.4,0,0,18,-67.5,Puerto,Rico
2000,12,12,3,2000,12,16,2,27,-0.3,0,0,18,-67.5,Puerto,Rico
2000,12,16,2,2000,12,19,0,26.6,-0.6,0,0,18,-67.5,Puerto,Rico
2000,12,19,0,2000,12,23,2,26.3,-0.8,0,0,18,-67.5,Puerto,Rico
2000,12,23,2,2000,12,26,3,26.4,-0.7,0,0,18,-67.5,Puerto,Rico
2000,12,26,3,2000,12,30,2,26.1,-0.9,0,0,18,-67.5,Puerto,Rico
2000,12,30,2,2000,12,31,23,26.1,-0.9,0,0,18,-67.5,Puerto,Rico
2001,1,1,13,2001,1,6,3,26.2,-0.7,0,0,18,-67.5,Puerto,Rico
2001,1,6,3,2001,1,9,2,25.8,-1,0,0,18,-67.5,Puerto,Rico
2001,1,13,3,2001,1,16,2,25.8,-0.9,0,0,18,-67.5,Puerto,Rico
2001,1,16,2,2001,1,20,3,26.3,-0.3,0,0,18,-67.5,Puerto,Rico
2001,1,20,3,2001,1,23,2,25.7,-0.8,0,0,18,-67.5,Puerto,Rico
2001,1,23,2,2001,1,27,2,25.6,-0.9,0,0,18,-67.5,Puerto,Rico
2001,1,27,2,2001,1,30,3,25.7,-0.7,0,0,18,-67.5,Puerto,Rico
2001,1,30,3,2001,2,3,2,25.5,-0.8,0,0,18,-67.5,Puerto,Rico
2001,2,3,2,2001,2,6,3,25.6,-0.7,0,0,18,-67.5,Puerto,Rico
2001,2,6,3,2001,2,10,2,25.4,-0.8,0,0,18,-67.5,Puerto,Rico
2001,2,10,2,2001,2,13,2,25.4,-0.7,0,0,18,-67.5,Puerto,Rico
2001,2,13,2,2001,2,17,2,25.5,-0.6,0,0,18,-67.5,Puerto,Rico
2001,2,17,2,2001,2,20,2,25.4,-0.7,0,0,18,-67.5,Puerto,Rico
2001,2,20,18,2001,2,23,23,26,0,0,0,18,-67.5,Puerto,Rico
2001,2,23,23,2001,2,27,0,26,0,0,0,18,-67.5,Puerto,Rico
2001,2,27,0,2001,3,2,23,25.9,-0.1,0,0,18,-67.5,Puerto,Rico
2001,3,2,23,2001,3,5,23,25.9,-0.1,0,0,18,-67.5,Puerto,Rico
2001,3,5,23,2001,3,10,0,25.9,0,0,0,18,-67.5,Puerto,Rico
2001,3,10,0,2001,3,12,23,25.9,0,0,0,18,-67.5,Puerto,Rico
2001,3,12,23,2001,3,16,23,26,0.1,0,0,18,-67.5,Puerto,Rico
2001,3,16,23,2001,3,20,0,26.2,0.2,0,0,18,-67.5,Puerto,Rico
2001,3,20,0,2001,3,23,23,26.1,0.1,0,0,18,-67.5,Puerto,Rico
2001,3,23,23,2001,3,27,0,26.2,0.1,0,0,18,-67.5,Puerto,Rico
2001,3,27,0,2001,3,31,0,26.5,0.4,0,0,18,-67.5,Puerto,Rico
2001,3,31,0,2001,4,2,23,26.3,0.2,0,0,18,-67.5,Puerto,Rico
2001,4,2,23,2001,4,7,0,26.8,0.6,0,0,18,-67.5,Puerto,Rico
2001,4,7,0,2001,4,10,0,26.6,0.4,0,0,18,-67.5,Puerto,Rico
2001,4,10,0,2001,4,13,23,26.2,-0.1,0,0,18,-67.5,Puerto,Rico
2001,4,13,23,2001,4,17,0,26.7,0.3,0,0,18,-67.5,Puerto,Rico
2001,4,17,0,2001,4,20,23,26.7,0.2,0,0,18,-67.5,Puerto,Rico
2001,4,20,23,2001,4,23,23,26.7,0.2,0,0,18,-67.5,Puerto,Rico
2001,4,23,23,2001,4,28,0,26.8,0.2,0,0,18,-67.5,Puerto,Rico
2001,4,28,0,2001,4,30,23,26.7,0,0,0,18,-67.5,Puerto,Rico
2001,4,30,23,2001,5,5,0,26.7,-0.1,0,0,18,-67.5,Puerto,Rico
2001,5,5,0,2001,5,8,0,26.5,-0.4,0,0,18,-67.5,Puerto,Rico
2001,5,8,0,2001,5,11,23,26.7,-0.3,0,0,18,-67.5,Puerto,Rico
2001,5,11,23,2001,5,15,0,27.2,0.1,0,0,18,-67.5,Puerto,Rico
2001,5,15,0,2001,5,19,0,27,-0.2,0,0,18,-67.5,Puerto,Rico
2001,5,19,0,2001,5,21,23,27,-0.2,0,0,18,-67.5,Puerto,Rico
2001,5,21,23,2001,5,26,0,27.4,0.2,0,0,18,-67.5,Puerto,Rico
2001,5,26,0,2001,5,28,23,27.5,0.2,0,0,18,-67.5,Puerto,Rico
2001,5,28,23,2001,6,2,0,27.2,-0.1,0,0,18,-67.5,Puerto,Rico
2001,6,2,0,2001,6,5,0,27.6,0.2,0,0,18,-67.5,Puerto,Rico
2001,6,5,0,2001,6,8,23,27.6,0.2,0,0,18,-67.5,Puerto,Rico
2001,6,8,23,2001,6,12,0,27.1,-0.4,0,0,18,-67.5,Puerto,Rico
2001,6,12,0,2001,6,16,0,27.9,0.4,0,0,18,-67.5,Puerto,Rico
2001,6,16,0,2001,6,18,23,27.9,0.4,0,0,18,-67.5,Puerto,Rico
2001,6,18,23,2001,6,23,0,27.3,-0.3,0,0,18,-67.5,Puerto,Rico
2001,6,23,0,2001,6,26,0,28.1,0.5,0,0,18,-67.5,Puerto,Rico
2001,6,26,0,2001,6,29,23,27,-0.6,0,0,18,-67.5,Puerto,Rico
2001,6,29,23,2001,7,3,0,27.6,0,0,0,18,-67.5,Puerto,Rico
2001,7,3,0,2001,7,6,23,27.9,0.3,0,0,18,-67.5,Puerto,Rico
2001,7,6,23,2001,7,9,23,27.2,-0.5,0,0,18,-67.5,Puerto,Rico
2001,7,9,23,2001,7,14,0,28.3,0.6,0,0,18,-67.5,Puerto,Rico
2001,7,14,0,2001,7,16,23,28.1,0.4,0,0,18,-67.5,Puerto,Rico
2001,7,16,23,2001,7,21,0,28.3,0.5,0,0,18,-67.5,Puerto,Rico
2001,7,21,0,2001,7,24,0,28.3,0.5,0,0,18,-67.5,Puerto,Rico
2001,7,24,0,2001,7,27,23,28.5,0.6,0,0,18,-67.5,Puerto,Rico
2001,7,27,23,2001,7,30,23,28.5,0.6,0,0,18,-67.5,Puerto,Rico
2001,7,30,23,2001,8,4,0,28.3,0.3,0,0,18,-67.5,Puerto,Rico
2001,8,4,0,2001,8,6,23,28.4,0.4,0,0,18,-67.5,Puerto,Rico
2001,8,6,23,2001,8,11,0,28.4,0.4,0,0,18,-67.5,Puerto,Rico
2001,8,11,0,2001,8,13,23,28.4,0.3,0,0,18,-67.5,Puerto,Rico
2001,8,13,23,2001,8,18,0,28.3,0.2,0,0,18,-67.5,Puerto,Rico
2001,8,18,0,2001,8,21,7,28.6,0.4,0.1,0,18,-67.5,Puerto,Rico
2001,8,21,7,2001,8,24,23,28.5,0.3,0,0,18,-67.5,Puerto,Rico
2001,8,24,23,2001,8,28,0,29.4,1.1,0.9,0,18,-67.5,Puerto,Rico
2001,8,28,0,2001,9,1,0,28.9,0.6,0.4,0,18,-67.5,Puerto,Rico
2001,9,1,0,2001,9,3,23,29.2,0.8,0.7,0,18,-67.5,Puerto,Rico
2001,9,3,23,2001,9,8,0,29,0.6,0.5,0,18,-67.5,Puerto,Rico
2001,9,8,0,2001,9,10,23,29,0.6,0.5,0,18,-67.5,Puerto,Rico
2001,9,10,23,2001,9,14,23,29.1,0.6,0.6,0,18,-67.5,Puerto,Rico
2001,9,14,23,2001,9,18,0,29.2,0.7,0.7,0,18,-67.5,Puerto,Rico
2001,9,18,0,2001,9,21,23,28.9,0.4,0.4,0,18,-67.5,Puerto,Rico
2001,9,21,23,2001,9,24,23,29,0.5,0.5,0,18,-67.5,Puerto,Rico
2001,9,24,23,2001,9,28,23,29.3,0.8,0.8,0,18,-67.5,Puerto,Rico
2001,9,28,23,2001,10,1,23,29.2,0.7,0.7,0,18,-67.5,Puerto,Rico
2001,10,1,23,2001,10,6,0,29.2,0.7,0.7,0,18,-67.5,Puerto,Rico
2001,10,6,0,2001,10,8,23,28.8,0.3,0.3,0,18,-67.5,Puerto,Rico
2001,10,8,23,2001,10,12,23,29.1,0.6,0.6,0,18,-67.5,Puerto,Rico
2001,10,12,23,2001,10,16,0,29.2,0.7,0.7,0,18,-67.5,Puerto,Rico
2001,10,16,0,2001,10,19,23,28.5,0,0,0,18,-67.5,Puerto,Rico
2001,10,19,23,2001,10,22,22,28.5,0.1,0,0,18,-67.5,Puerto,Rico
2001,10,22,22,2001,10,26,23,28.9,0.5,0.4,0,18,-67.5,Puerto,Rico
2001,10,26,23,2001,10,29,23,28.8,0.4,0.3,0,18,-67.5,Puerto,Rico
2001,11,5,11,2001,11,5,23,28.7,0.3,0.2,0,18,-67.5,Puerto,Rico
2001,11,5,23,2001,11,9,23,28.7,0.4,0.2,0,18,-67.5,Puerto,Rico
2001,11,9,23,2001,11,13,0,29.2,0.9,0.7,0,18,-67.5,Puerto,Rico
2001,11,13,0,2001,11,16,23,28.3,0.1,0,0,18,-67.5,Puerto,Rico
2001,11,16,23,2001,11,19,23,28.2,0.1,0,0,18,-67.5,Puerto,Rico
2001,11,19,23,2001,11,24,0,28.2,0.2,0,0,18,-67.5,Puerto,Rico
2001,11,24,0,2001,11,26,23,28,0.1,0,0,18,-67.5,Puerto,Rico
2001,11,26,23,2001,11,30,22,28.2,0.4,0,0,18,-67.5,Puerto,Rico
2001,11,30,22,2001,12,4,0,27.6,-0.1,0,0,18,-67.5,Puerto,Rico
2001,12,4,0,2001,12,7,23,27.8,0.3,0,0,18,-67.5,Puerto,Rico
2001,12,7,23,2001,12,11,0,28.2,0.8,0,0,18,-67.5,Puerto,Rico
2001,12,11,0,2001,12,14,23,27.8,0.5,0,0,18,-67.5,Puerto,Rico
2001,12,14,23,2001,12,17,23,28.1,0.9,0,0,18,-67.5,Puerto,Rico
2001,12,17,23,2001,12,22,0,27.8,0.6,0,0,18,-67.5,Puerto,Rico
2001,12,22,0,2001,12,24,23,27.5,0.4,0,0,18,-67.5,Puerto,Rico
2001,12,24,23,2001,12,29,0,27.6,0.6,0,0,18,-67.5,Puerto,Rico
2001,12,29,0,2002,1,1,0,27.4,0.4,0,0,18,-67.5,Puerto,Rico
2002,1,1,0,2002,1,4,23,27.3,0.4,0,0,18,-67.5,Puerto,Rico
2002,1,4,23,2002,1,8,0,27.3,0.5,0,0,18,-67.5,Puerto,Rico
2002,1,8,0,2002,1,11,23,27.4,0.6,0,0,18,-67.5,Puerto,Rico
2002,1,11,23,2002,1,14,23,27.5,0.8,0,0,18,-67.5,Puerto,Rico
2002,1,14,23,2002,1,19,0,27.3,0.7,0,0,18,-67.5,Puerto,Rico
2002,1,19,0,2002,1,21,23,27.3,0.7,0,0,18,-67.5,Puerto,Rico
2002,1,21,23,2002,1,26,0,27.2,0.7,0,0,18,-67.5,Puerto,Rico
2002,1,26,0,2002,1,29,0,27,0.6,0,0,18,-67.5,Puerto,Rico
2002,1,29,0,2002,2,1,23,26.9,0.5,0,0,18,-67.5,Puerto,Rico
2002,2,1,23,2002,2,5,0,27.2,0.9,0,0,18,-67.5,Puerto,Rico
2002,2,5,0,2002,2,8,23,26.7,0.5,0,0,18,-67.5,Puerto,Rico
2002,2,8,23,2002,2,11,23,26.5,0.3,0,0,18,-67.5,Puerto,Rico
2002,2,11,23,2002,2,16,0,26.5,0.4,0,0,18,-67.5,Puerto,Rico
2002,2,16,0,2002,2,18,23,26.6,0.5,0,0,18,-67.5,Puerto,Rico
2002,2,23,0,2002,2,26,0,26.3,0.3,0,0,18,-67.5,Puerto,Rico
2002,3,8,23,2002,3,11,23,25.8,-0.1,0,0,18,-67.5,Puerto,Rico
2002,3,11,23,2002,3,16,0,26.1,0.2,0,0,18,-67.5,Puerto,Rico
2002,3,16,0,2002,3,18,23,26.3,0.3,0,0,18,-67.5,Puerto,Rico
2002,3,18,23,2002,3,23,0,26.1,0.1,0,0,18,-67.5,Puerto,Rico
2002,3,23,0,2002,3,26,0,26.1,0.1,0,0,18,-67.5,Puerto,Rico
2002,3,26,0,2002,3,29,23,26.3,0.2,0,0,18,-67.5,Puerto,Rico
2002,3,29,23,2002,4,2,0,26.5,0.4,0,0,18,-67.5,Puerto,Rico
2002,4,2,0,2002,4,5,23,26.9,0.7,0,0,18,-67.5,Puerto,Rico
2002,4,5,23,2002,4,8,23,27,0.8,0,0,18,-67.5,Puerto,Rico
2002,4,8,23,2002,4,13,0,26.3,0,0,0,18,-67.5,Puerto,Rico
2002,4,13,0,2002,4,15,23,26.4,0.1,0,0,18,-67.5,Puerto,Rico
2002,4,15,23,2002,4,20,0,26.4,0,0,0,18,-67.5,Puerto,Rico
2002,4,20,0,2002,4,23,0,26.3,-0.2,0,0,18,-67.5,Puerto,Rico
2002,4,23,0,2002,4,26,23,26.8,0.2,0,0,18,-67.5,Puerto,Rico
2002,4,26,23,2002,4,30,0,27.1,0.4,0,0,18,-67.5,Puerto,Rico
2002,4,30,0,2002,5,3,23,27.2,0.4,0,0,18,-67.5,Puerto,Rico
2002,5,3,23,2002,5,6,23,27.2,0.3,0,0,18,-67.5,Puerto,Rico
2002,5,6,23,2002,5,11,0,27.3,0.3,0,0,18,-67.5,Puerto,Rico
2002,5,11,0,2002,5,13,23,27.4,0.3,0,0,18,-67.5,Puerto,Rico
2002,5,13,23,2002,5,18,0,27.3,0.2,0,0,18,-67.5,Puerto,Rico
2002,5,18,0,2002,5,21,0,27.2,0,0,0,18,-67.5,Puerto,Rico
2002,5,21,0,2002,5,24,23,26.9,-0.3,0,0,18,-67.5,Puerto,Rico
2002,5,24,23,2002,5,28,0,27.5,0.2,0,0,18,-67.5,Puerto,Rico
2002,5,28,0,2002,5,31,23,27.5,0.2,0,0,18,-67.5,Puerto,Rico
2002,5,31,23,2002,6,3,23,27.5,0.1,0,0,18,-67.5,Puerto,Rico
2002,6,3,23,2002,6,7,22,27.8,0.4,0,0,18,-67.5,Puerto,Rico
2002,6,7,22,2002,6,10,23,27.6,0.2,0,0,18,-67.5,Puerto,Rico
2002,6,10,23,2002,6,15,0,28.1,0.6,0,0,18,-67.5,Puerto,Rico
2002,6,15,0,2002,6,18,0,28,0.5,0,0,18,-67.5,Puerto,Rico
2002,6,18,0,2002,6,21,23,28.2,0.7,0,0,18,-67.5,Puerto,Rico
2002,6,21,23,2002,6,24,22,27.8,0.2,0,0,18,-67.5,Puerto,Rico
2002,6,24,22,2002,6,28,23,27.8,0.2,0,0,18,-67.5,Puerto,Rico
2002,6,28,23,2002,7,2,0,27.6,0,0,0,18,-67.5,Puerto,Rico
2002,7,2,0,2002,7,6,0,28,0.4,0,0,18,-67.5,Puerto,Rico
2002,7,6,0,2002,7,8,23,28.3,0.6,0,0,18,-67.5,Puerto,Rico
2002,7,8,23,2002,7,13,0,28.3,0.6,0,0,18,-67.5,Puerto,Rico
2002,7,13,0,2002,7,16,0,28.4,0.7,0,0,18,-67.5,Puerto,Rico
2002,7,16,0,2002,7,20,0,28.2,0.4,0,0,18,-67.5,Puerto,Rico
2002,7,20,0,2002,7,23,0,28.1,0.3,0,0,18,-67.5,Puerto,Rico
2002,7,23,0,2002,7,26,23,28.1,0.2,0,0,18,-67.5,Puerto,Rico
2002,7,26,23,2002,7,30,0,28.5,0.6,0,0,18,-67.5,Puerto,Rico
2002,7,30,0,2002,8,3,0,28.4,0.5,0,0,18,-67.5,Puerto,Rico
2002,8,3,0,2002,8,5,23,28.5,0.5,0,0,18,-67.5,Puerto,Rico
2002,8,5,23,2002,8,10,0,28.8,0.8,0.3,0,18,-67.5,Puerto,Rico
2002,8,10,0,2002,8,12,23,28.9,0.8,0.4,0,18,-67.5,Puerto,Rico
2002,8,12,23,2002,8,16,23,28.7,0.6,0.2,0,18,-67.5,Puerto,Rico
2002,8,16,23,2002,8,20,0,28.7,0.5,0.2,0,18,-67.5,Puerto,Rico
2002,8,20,0,2002,8,23,23,28.6,0.4,0.1,0,18,-67.5,Puerto,Rico
2002,8,23,23,2002,8,27,0,28.9,0.6,0.4,0,18,-67.5,Puerto,Rico
2002,8,27,0,2002,8,30,23,28.7,0.4,0.2,0,18,-67.5,Puerto,Rico
2002,8,30,23,2002,9,2,23,28.7,0.4,0.2,0,18,-67.5,Puerto,Rico
2002,9,2,23,2002,9,7,0,29,0.6,0.5,0,18,-67.5,Puerto,Rico
2002,9,7,0,2002,9,9,23,29.2,0.8,0.7,0,18,-67.5,Puerto,Rico
2002,9,9,23,2002,9,14,0,28.6,0.1,0.1,0,18,-67.5,Puerto,Rico
2002,9,14,0,2002,9,16,23,28.9,0.4,0.4,0,18,-67.5,Puerto,Rico
2002,9,16,23,2002,9,20,23,28.8,0.3,0.3,0,18,-67.5,Puerto,Rico
2002,9,20,23,2002,9,24,0,28.8,0.3,0.3,0,18,-67.5,Puerto,Rico
2002,9,24,0,2002,9,27,23,28.9,0.4,0.4,0,18,-67.5,Puerto,Rico
2002,9,27,23,2002,10,1,0,28.9,0.4,0.4,0,18,-67.5,Puerto,Rico
2002,10,1,0,2002,10,4,23,28.8,0.3,0.3,0,18,-67.5,Puerto,Rico
2002,10,4,23,2002,10,7,23,28.9,0.4,0.4,0,18,-67.5,Puerto,Rico
2002,10,7,23,2002,10,12,0,29,0.5,0.5,0,18,-67.5,Puerto,Rico
2002,10,12,0,2002,10,14,23,29,0.5,0.5,0,18,-67.5,Puerto,Rico
2002,10,14,23,2002,10,19,0,29.1,0.6,0.6,0,18,-67.5,Puerto,Rico
2002,10,19,0,2002,10,22,0,28.8,0.3,0.3,0,18,-67.5,Puerto,Rico
2002,10,22,0,2002,10,25,23,28.8,0.4,0.3,0,18,-67.5,Puerto,Rico
2002,10,25,23,2002,10,29,0,28.6,0.2,0.1,0,18,-67.5,Puerto,Rico
2002,10,29,0,2002,11,1,23,28.5,0.1,0,0,18,-67.5,Puerto,Rico
2002,11,1,23,2002,11,4,23,28.7,0.3,0.2,0,18,-67.5,Puerto,Rico
2002,11,4,23,2002,11,9,0,28.5,0.2,0,0,18,-67.5,Puerto,Rico
2002,11,9,0,2002,11,11,23,28.6,0.3,0.1,0,18,-67.5,Puerto,Rico
2002,11,11,23,2002,11,16,0,28.4,0.1,0,0,18,-67.5,Puerto,Rico
2002,11,16,0,2002,11,19,0,28.5,0.3,0,0,18,-67.5,Puerto,Rico
2002,11,19,0,2002,11,22,23,28.5,0.5,0,0,18,-67.5,Puerto,Rico
2002,11,22,23,2002,11,26,0,28.4,0.5,0,0,18,-67.5,Puerto,Rico
2002,11,26,0,2002,11,29,23,28.2,0.4,0,0,18,-67.5,Puerto,Rico
2002,11,29,23,2002,12,2,23,28.2,0.5,0,0,18,-67.5,Puerto,Rico
2002,12,2,23,2002,12,7,0,28.1,0.5,0,0,18,-67.5,Puerto,Rico
2002,12,7,0,2002,12,9,23,27.8,0.3,0,0,18,-67.5,Puerto,Rico
2002,12,9,23,2002,12,14,0,27.7,0.4,0,0,18,-67.5,Puerto,Rico
2002,12,14,0,2002,12,16,23,27.8,0.5,0,0,18,-67.5,Puerto,Rico
2002,12,16,23,2002,12,20,23,27.7,0.5,0,0,18,-67.5,Puerto,Rico
2002,12,20,23,2002,12,24,0,27.6,0.5,0,0,18,-67.5,Puerto,Rico
2002,12,24,0,2002,12,28,0,27.5,0.5,0,0,18,-67.5,Puerto,Rico
2002,12,28,0,2002,12,31,0,27.5,0.5,0,0,18,-67.5,Puerto,Rico
2002,12,31,0,2003,1,3,23,27.4,0.5,0,0,18,-67.5,Puerto,Rico
2003,1,3,23,2003,1,6,23,27,0.1,0,0,18,-67.5,Puerto,Rico
2003,1,6,23,2003,1,11,0,27.1,0.3,0,0,18,-67.5,Puerto,Rico
2003,1,11,0,2003,1,13,23,27.1,0.4,0,0,18,-67.5,Puerto,Rico
2003,1,13,23,2003,1,18,0,27.2,0.6,0,0,18,-67.5,Puerto,Rico
2003,1,18,0,2003,1,21,0,27,0.4,0,0,18,-67.5,Puerto,Rico
2003,1,21,0,2003,1,24,23,27,0.5,0,0,18,-67.5,Puerto,Rico
2003,1,24,23,2003,1,28,0,27,0.6,0,0,18,-67.5,Puerto,Rico
2003,1,28,0,2003,1,31,23,26.9,0.5,0,0,18,-67.5,Puerto,Rico
2003,1,31,23,2003,2,3,23,26.9,0.6,0,0,18,-67.5,Puerto,Rico
2003,2,3,23,2003,2,8,0,27,0.8,0,0,18,-67.5,Puerto,Rico
2003,2,8,0,2003,2,10,23,26.8,0.6,0,0,18,-67.5,Puerto,Rico
2003,2,10,23,2003,2,15,0,27,0.9,0,0,18,-67.5,Puerto,Rico
2003,2,15,0,2003,2,17,23,26.9,0.8,0,0,18,-67.5,Puerto,Rico
2003,2,17,23,2003,2,21,23,26.6,0.6,0,0,18,-67.5,Puerto,Rico
2003,2,21,23,2003,2,25,0,26.6,0.6,0,0,18,-67.5,Puerto,Rico
2003,2,25,0,2003,2,28,23,26.5,0.5,0,0,18,-67.5,Puerto,Rico
2003,2,28,23,2003,3,4,0,26.8,0.8,0,0,18,-67.5,Puerto,Rico
2003,3,4,0,2003,3,8,0,26.7,0.8,0,0,18,-67.5,Puerto,Rico
2003,3,8,0,2003,3,10,23,26.5,0.6,0,0,18,-67.5,Puerto,Rico
2003,3,10,23,2003,3,15,0,26.8,0.9,0,0,18,-67.5,Puerto,Rico
2003,3,15,0,2003,3,17,23,26.6,0.7,0,0,18,-67.5,Puerto,Rico
2003,3,17,23,2003,3,22,0,27,1,0,0,18,-67.5,Puerto,Rico
2003,3,22,0,2003,3,25,0,27,1,0,0,18,-67.5,Puerto,Rico
2003,3,25,0,2003,3,29,1,27,0.9,0,0,18,-67.5,Puerto,Rico
2003,3,29,1,2003,4,1,0,27.4,1.3,0,0,18,-67.5,Puerto,Rico
2003,4,1,0,2003,4,5,1,27.2,1,0,0,18,-67.5,Puerto,Rico
2003,4,5,1,2003,4,8,1,27.2,1,0,0,18,-67.5,Puerto,Rico
2003,4,8,1,2003,4,12,0,27.3,1,0,0,18,-67.5,Puerto,Rico
2003,4,12,0,2003,4,15,1,27.2,0.9,0,0,18,-67.5,Puerto,Rico
2003,4,15,1,2003,4,19,0,27.5,1.1,0,0,18,-67.5,Puerto,Rico
2003,4,19,0,2003,4,22,0,27.3,0.8,0,0,18,-67.5,Puerto,Rico
2003,4,22,0,2003,4,26,1,27.8,1.2,0,0,18,-67.5,Puerto,Rico
2003,4,26,1,2003,4,29,0,27.6,0.9,0,0,18,-67.5,Puerto,Rico
2003,4,29,0,2003,5,3,1,27.5,0.7,0,0,18,-67.5,Puerto,Rico
2003,5,3,1,2003,5,6,0,27.5,0.6,0,0,18,-67.5,Puerto,Rico
2003,5,6,0,2003,5,10,1,27.8,0.8,0,0,18,-67.5,Puerto,Rico
2003,5,10,1,2003,5,12,23,26.8,-0.2,0,0,18,-67.5,Puerto,Rico
2003,5,12,23,2003,5,17,0,27.8,0.7,0,0,18,-67.5,Puerto,Rico
2003,5,17,0,2003,5,19,23,27.8,0.6,0,0,18,-67.5,Puerto,Rico
2003,5,19,23,2003,5,24,0,27.8,0.6,0,0,18,-67.5,Puerto,Rico
2003,5,24,0,2003,5,27,0,27.7,0.4,0,0,18,-67.5,Puerto,Rico
2003,5,27,0,2003,5,31,1,27.7,0.4,0,0,18,-67.5,Puerto,Rico
2003,5,31,1,2003,6,3,0,28,0.7,0,0,18,-67.5,Puerto,Rico
2003,6,3,0,2003,6,6,23,28.1,0.7,0,0,18,-67.5,Puerto,Rico
2003,6,6,23,2003,6,10,1,27.9,0.5,0,0,18,-67.5,Puerto,Rico
2003,6,10,1,2003,6,14,0,27.9,0.4,0,0,18,-67.5,Puerto,Rico
2003,6,14,0,2003,6,17,1,27.6,0.1,0,0,18,-67.5,Puerto,Rico
2003,6,17,1,2003,6,21,0,28,0.5,0,0,18,-67.5,Puerto,Rico
2003,6,21,0,2003,6,24,1,27.5,-0.1,0,0,18,-67.5,Puerto,Rico
2003,6,24,1,2003,6,28,0,27.5,-0.1,0,0,18,-67.5,Puerto,Rico
2003,6,28,0,2003,7,1,0,27.7,0.1,0,0,18,-67.5,Puerto,Rico
2003,7,1,0,2003,7,5,1,27.7,0.1,0,0,18,-67.5,Puerto,Rico
2003,7,5,1,2003,7,8,0,27.8,0.1,0,0,18,-67.5,Puerto,Rico
2003,7,8,0,2003,7,12,0,27.5,-0.2,0,0,18,-67.5,Puerto,Rico
2003,7,12,0,2003,7,15,1,27.5,-0.2,0,0,18,-67.5,Puerto,Rico
2003,7,15,1,2003,7,19,0,27.9,0.1,0,0,18,-67.5,Puerto,Rico
2003,7,19,0,2003,7,21,23,27.5,-0.3,0,0,18,-67.5,Puerto,Rico
2003,7,21,23,2003,7,26,0,27.8,0,0,0,18,-67.5,Puerto,Rico
2003,7,26,0,2003,7,29,0,27.9,0,0,0,18,-67.5,Puerto,Rico
2003,7,29,0,2003,8,2,1,27.8,-0.1,0,0,18,-67.5,Puerto,Rico
2003,8,2,1,2003,8,5,0,28.2,0.2,0,0,18,-67.5,Puerto,Rico
2003,8,5,0,2003,8,8,23,28.5,0.5,0,0,18,-67.5,Puerto,Rico
2003,8,8,23,2003,8,12,0,28.2,0.1,0,0,18,-67.5,Puerto,Rico
2003,8,12,0,2003,8,16,0,28.6,0.5,0.1,0,18,-67.5,Puerto,Rico
2003,8,16,0,2003,8,19,1,28.5,0.3,0,0,18,-67.5,Puerto,Rico
2003,8,19,1,2003,8,23,0,28.8,0.6,0.3,0,18,-67.5,Puerto,Rico
2003,8,23,0,2003,8,25,23,28.4,0.2,0,0,18,-67.5,Puerto,Rico
2003,8,25,23,2003,8,30,0,28.9,0.6,0.4,0,18,-67.5,Puerto,Rico
2003,8,30,0,2003,9,2,0,28.8,0.5,0.3,0,18,-67.5,Puerto,Rico
2003,9,2,0,2003,9,6,1,28.9,0.5,0.4,0,18,-67.5,Puerto,Rico
2003,9,6,1,2003,9,9,0,29,0.6,0.5,0,18,-67.5,Puerto,Rico
2003,9,9,0,2003,9,12,23,28.9,0.4,0.4,0,18,-67.5,Puerto,Rico
2003,9,12,23,2003,9,16,0,28.9,0.4,0.4,0,18,-67.5,Puerto,Rico
2003,9,16,0,2003,9,19,23,28.9,0.4,0.4,0,18,-67.5,Puerto,Rico
2003,9,19,23,2003,9,23,1,28.9,0.4,0.4,0,18,-67.5,Puerto,Rico
2003,9,23,1,2003,9,27,0,29.6,1.1,1.1,0.55,18,-67.5,Puerto,Rico
2003,9,27,0,2003,9,29,23,29.2,0.7,0.7,0.55,18,-67.5,Puerto,Rico
2003,9,29,23,2003,10,4,0,29.7,1.2,1.2,1.15,18,-67.5,Puerto,Rico
2003,10,4,0,2003,10,7,0,29.6,1.1,1.1,1.7,18,-67.5,Puerto,Rico
2003,10,7,0,2003,10,11,0,29.5,1,1,2.2,18,-67.5,Puerto,Rico
2003,10,11,0,2003,10,14,0,29.4,0.9,0.9,2.2,18,-67.5,Puerto,Rico
2003,10,14,0,2003,10,18,1,29.4,0.9,0.9,2.2,18,-67.5,Puerto,Rico
2003,10,18,1,2003,10,21,0,29.4,0.9,0.9,2.2,18,-67.5,Puerto,Rico
2003,10,21,0,2003,10,25,0,29.7,1.3,1.2,2.8,18,-67.5,Puerto,Rico
2003,10,25,0,2003,10,28,1,29.5,1.1,1,3.3,18,-67.5,Puerto,Rico
2003,10,28,1,2003,11,1,0,29.5,1.1,1,3.8,18,-67.5,Puerto,Rico
2003,11,1,0,2003,11,3,23,29.3,0.9,0.8,3.8,18,-67.5,Puerto,Rico
2003,11,3,23,2003,11,8,0,29.3,1,0.8,3.8,18,-67.5,Puerto,Rico
2003,11,8,0,2003,11,11,0,29.3,1,0.8,3.8,18,-67.5,Puerto,Rico
2003,11,11,0,2003,11,15,1,28.8,0.5,0.3,3.8,18,-67.5,Puerto,Rico
2003,11,15,1,2003,11,18,0,28.8,0.6,0.3,3.8,18,-67.5,Puerto,Rico
2003,11,18,0,2003,11,21,23,28.6,0.5,0.1,3.8,18,-67.5,Puerto,Rico
2003,11,21,23,2003,11,25,1,28.6,0.6,0.1,3.8,18,-67.5,Puerto,Rico
2003,11,25,1,2003,11,29,0,28.4,0.6,0,3.8,18,-67.5,Puerto,Rico
2003,11,29,0,2003,12,1,23,28.3,0.6,0,3.8,18,-67.5,Puerto,Rico
2003,12,1,23,2003,12,6,11,28.3,0.7,0,3.8,18,-67.5,Puerto,Rico
2003,12,6,11,2003,12,9,6,27.6,0.1,0,3.8,18,-67.5,Puerto,Rico
2003,12,9,6,2003,12,13,0,27.6,0.2,0,3.8,18,-67.5,Puerto,Rico
2003,12,13,0,2003,12,16,0,27.7,0.4,0,3.8,18,-67.5,Puerto,Rico
2003,12,16,0,2003,12,20,1,27.5,0.3,0,3.25,18,-67.5,Puerto,Rico
2003,12,20,1,2003,12,23,0,27.7,0.6,0,3.25,18,-67.5,Puerto,Rico
2003,12,23,0,2003,12,26,23,27.4,0.3,0,2.65,18,-67.5,Puerto,Rico
2003,12,26,23,2003,12,29,23,27.3,0.3,0,2.1,18,-67.5,Puerto,Rico
2003,12,29,23,2004,1,3,0,27.1,0.2,0,1.6,18,-67.5,Puerto,Rico
2004,1,3,0,2004,1,5,23,26.6,-0.3,0,1.6,18,-67.5,Puerto,Rico
2004,1,5,23,2004,1,10,0,26.8,0,0,1.6,18,-67.5,Puerto,Rico
2004,1,10,0,2004,1,13,0,26.7,0,0,1.6,18,-67.5,Puerto,Rico
2004,1,13,0,2004,1,17,0,26.6,-0.1,0,1,18,-67.5,Puerto,Rico
2004,1,17,0,2004,1,20,0,26.5,-0.1,0,0.5,18,-67.5,Puerto,Rico
2004,1,20,0,2004,1,23,23,26.6,0.1,0,0,18,-67.5,Puerto,Rico
2004,1,23,23,2004,1,27,0,26.7,0.2,0,0,18,-67.5,Puerto,Rico
2004,1,27,0,2004,1,31,1,26.6,0.2,0,0,18,-67.5,Puerto,Rico
2004,1,31,1,2004,2,3,1,26.6,0.3,0,0,18,-67.5,Puerto,Rico
2004,2,3,1,2004,2,7,0,26.6,0.3,0,0,18,-67.5,Puerto,Rico
2004,2,7,0,2004,2,9,20,26.6,0.4,0,0,18,-67.5,Puerto,Rico
2004,2,9,20,2004,2,14,0,26.7,0.6,0,0,18,-67.5,Puerto,Rico
2004,2,14,0,2004,2,17,0,26.8,0.7,0,0,18,-67.5,Puerto,Rico
2004,2,17,0,2004,2,21,1,26.4,0.3,0,0,18,-67.5,Puerto,Rico
2004,2,21,1,2004,2,24,0,26.7,0.7,0,0,18,-67.5,Puerto,Rico
2004,2,24,0,2004,2,27,23,26.7,0.7,0,0,18,-67.5,Puerto,Rico
2004,2,27,23,2004,3,2,1,26.6,0.6,0,0,18,-67.5,Puerto,Rico
2004,3,2,1,2004,3,6,0,26.4,0.4,0,0,18,-67.5,Puerto,Rico
2004,3,6,0,2004,3,8,23,26.3,0.4,0,0,18,-67.5,Puerto,Rico
2004,3,8,23,2004,3,13,0,26.5,0.6,0,0,18,-67.5,Puerto,Rico
2004,3,13,0,2004,3,16,0,26.4,0.5,0,0,18,-67.5,Puerto,Rico
2004,3,16,0,2004,3,20,0,26.5,0.5,0,0,18,-67.5,Puerto,Rico
2004,3,20,0,2004,3,23,0,26.4,0.4,0,0,18,-67.5,Puerto,Rico
2004,3,23,0,2004,3,26,11,26.3,0.2,0,0,18,-67.5,Puerto,Rico
2004,3,26,11,2004,3,30,0,26.5,0.4,0,0,18,-67.5,Puerto,Rico
2004,3,30,0,2004,4,3,1,26.2,0.1,0,0,18,-67.5,Puerto,Rico
2004,4,3,1,2004,4,6,1,26.5,0.3,0,0,18,-67.5,Puerto,Rico
2004,4,6,1,2004,4,10,0,26.9,0.7,0,0,18,-67.5,Puerto,Rico
2004,4,10,0,2004,4,12,22,27.1,0.8,0,0,18,-67.5,Puerto,Rico
2004,4,12,22,2004,4,17,0,27,0.6,0,0,18,-67.5,Puerto,Rico
2004,4,17,0,2004,4,20,0,27,0.6,0,0,18,-67.5,Puerto,Rico
2004,4,20,0,2004,4,24,1,27,0.5,0,0,18,-67.5,Puerto,Rico
2004,4,24,1,2004,4,27,0,27.3,0.7,0,0,18,-67.5,Puerto,Rico
2004,4,27,0,2004,5,1,1,27,0.3,0,0,18,-67.5,Puerto,Rico
2004,5,1,1,2004,5,4,0,27.3,0.5,0,0,18,-67.5,Puerto,Rico
2004,5,4,0,2004,5,8,0,27.2,0.3,0,0,18,-67.5,Puerto,Rico
2004,5,8,0,2004,5,11,1,27.2,0.2,0,0,18,-67.5,Puerto,Rico
2004,5,11,1,2004,5,15,0,27.4,0.3,0,0,18,-67.5,Puerto,Rico
2004,5,15,0,2004,5,17,23,27,-0.1,0,0,18,-67.5,Puerto,Rico
2004,5,17,23,2004,5,22,0,27,-0.2,0,0,18,-67.5,Puerto,Rico
2004,5,22,0,2004,5,25,0,27.4,0.2,0,0,18,-67.5,Puerto,Rico
2004,5,25,0,2004,5,29,1,27.7,0.4,0,0,18,-67.5,Puerto,Rico
2004,5,29,1,2004,6,1,0,27.7,0.4,0,0,18,-67.5,Puerto,Rico
2004,6,1,0,2004,6,5,1,27.6,0.2,0,0,18,-67.5,Puerto,Rico
2004,6,5,1,2004,6,8,1,27.5,0.1,0,0,18,-67.5,Puerto,Rico
2004,6,8,1,2004,6,12,0,28,0.5,0,0,18,-67.5,Puerto,Rico
2004,6,12,0,2004,6,15,1,27.3,-0.2,0,0,18,-67.5,Puerto,Rico
2004,6,15,1,2004,6,19,0,28,0.5,0,0,18,-67.5,Puerto,Rico
2004,6,19,0,2004,6,22,0,27.6,0.1,0,0,18,-67.5,Puerto,Rico
2004,6,22,0,2004,6,26,0,27.9,0.3,0,0,18,-67.5,Puerto,Rico
2004,6,26,0,2004,6,29,2,28.2,0.6,0,0,18,-67.5,Puerto,Rico
2004,6,29,2,2004,7,3,1,28.2,0.6,0,0,18,-67.5,Puerto,Rico
2004,7,3,1,2004,7,6,0,28.2,0.6,0,0,18,-67.5,Puerto,Rico
2004,7,6,0,2004,7,10,1,28.2,0.5,0,0,18,-67.5,Puerto,Rico
2004,7,10,1,2004,7,13,1,28.2,0.5,0,0,18,-67.5,Puerto,Rico
2004,7,13,1,2004,7,17,2,28.2,0.5,0,0,18,-67.5,Puerto,Rico
2004,7,17,2,2004,7,20,1,28.2,0.4,0,0,18,-67.5,Puerto,Rico
2004,7,20,1,2004,7,24,0,28.4,0.6,0,0,18,-67.5,Puerto,Rico
2004,7,24,0,2004,7,27,0,28.4,0.5,0,0,18,-67.5,Puerto,Rico
2004,7,27,0,2004,7,31,1,28.5,0.6,0,0,18,-67.5,Puerto,Rico
2004,7,31,1,2004,8,3,0,28.4,0.5,0,0,18,-67.5,Puerto,Rico
2004,8,3,0,2004,8,7,1,28.5,0.5,0,0,18,-67.5,Puerto,Rico
2004,8,7,1,2004,8,10,0,28.6,0.6,0.1,0,18,-67.5,Puerto,Rico
2004,8,10,0,2004,8,14,1,28,-0.1,0,0,18,-67.5,Puerto,Rico
2004,8,14,1,2004,8,17,1,28.9,0.8,0.4,0,18,-67.5,Puerto,Rico
2004,8,17,1,2004,8,21,0,28.8,0.6,0.3,0,18,-67.5,Puerto,Rico
2004,8,21,0,2004,8,24,1,28.8,0.6,0.3,0,18,-67.5,Puerto,Rico
2004,8,24,1,2004,8,28,0,28.9,0.6,0.4,0,18,-67.5,Puerto,Rico
2004,8,28,0,2004,8,31,1,28.7,0.4,0.2,0,18,-67.5,Puerto,Rico
2004,8,31,1,2004,9,4,0,28.9,0.5,0.4,0,18,-67.5,Puerto,Rico
2004,9,4,0,2004,9,7,0,28.9,0.5,0.4,0,18,-67.5,Puerto,Rico
2004,9,7,0,2004,9,11,1,28.9,0.5,0.4,0,18,-67.5,Puerto,Rico
2004,9,11,1,2004,9,14,0,29,0.5,0.5,0,18,-67.5,Puerto,Rico
2004,9,14,0,2004,9,18,1,29.5,1,1,0.5,18,-67.5,Puerto,Rico
2004,9,18,1,2004,9,21,1,29,0.5,0.5,0.5,18,-67.5,Puerto,Rico
2004,9,21,1,2004,9,25,0,28.9,0.4,0.4,0.5,18,-67.5,Puerto,Rico
2004,9,25,0,2004,9,27,23,28.9,0.4,0.4,0.5,18,-67.5,Puerto,Rico
2004,9,27,23,2004,10,1,22,29.2,0.7,0.7,0.5,18,-67.5,Puerto,Rico
2004,10,1,22,2004,10,5,0,29,0.5,0.5,0.5,18,-67.5,Puerto,Rico
2004,10,5,0,2004,10,9,0,29.4,0.9,0.9,0.5,18,-67.5,Puerto,Rico
2004,10,9,0,2004,10,12,0,29.3,0.8,0.8,0.5,18,-67.5,Puerto,Rico
2004,10,12,0,2004,10,16,1,29.4,0.9,0.9,0.5,18,-67.5,Puerto,Rico
2004,10,16,1,2004,10,19,0,29.5,1,1,1,18,-67.5,Puerto,Rico
2004,10,19,0,2004,10,22,23,28.7,0.3,0.2,1,18,-67.5,Puerto,Rico
2004,10,22,23,2004,10,26,0,29.1,0.7,0.6,1,18,-67.5,Puerto,Rico
2004,10,26,0,2004,10,30,0,29,0.6,0.5,1,18,-67.5,Puerto,Rico
2004,10,30,0,2004,11,2,1,29,0.6,0.5,1,18,-67.5,Puerto,Rico
2004,11,2,1,2004,11,6,0,28.7,0.3,0.2,1,18,-67.5,Puerto,Rico
2004,11,6,0,2004,11,8,23,28.6,0.3,0.1,1,18,-67.5,Puerto,Rico
2004,11,8,23,2004,11,13,0,28.5,0.2,0,1,18,-67.5,Puerto,Rico
2004,11,13,0,2004,11,16,0,28.1,-0.2,0,1,18,-67.5,Puerto,Rico
2004,11,16,0,2004,11,20,1,28,-0.1,0,1,18,-67.5,Puerto,Rico
2004,11,20,1,2004,11,23,0,27.9,-0.1,0,1,18,-67.5,Puerto,Rico
2004,11,23,0,2004,11,27,1,27.6,-0.3,0,1,18,-67.5,Puerto,Rico
2004,11,27,1,2004,11,30,0,27.5,-0.3,0,1,18,-67.5,Puerto,Rico
2004,11,30,0,2004,12,4,0,27.3,-0.4,0,1,18,-67.5,Puerto,Rico
2004,12,4,0,2004,12,7,1,27.3,-0.3,0,1,18,-67.5,Puerto,Rico
2004,12,7,1,2004,12,11,0,27.2,-0.2,0,0.5,18,-67.5,Puerto,Rico
2004,12,11,0,2004,12,14,1,27,-0.3,0,0.5,18,-67.5,Puerto,Rico
2004,12,14,1,2004,12,18,0,27.4,0.2,0,0.5,18,-67.5,Puerto,Rico
2004,12,18,0,2004,12,21,0,27.2,0,0,0.5,18,-67.5,Puerto,Rico
2004,12,21,0,2004,12,25,1,27.2,0.1,0,0.5,18,-67.5,Puerto,Rico
2004,12,25,1,2004,12,28,0,27.1,0.1,0,0.5,18,-67.5,Puerto,Rico
2004,12,28,0,2005,1,1,1,27.2,0.2,0,0.5,18,-67.5,Puerto,Rico
2005,1,1,1,2005,1,4,0,27,0.1,0,0.5,18,-67.5,Puerto,Rico
2005,1,4,0,2005,1,8,0,26.8,0,0,0.5,18,-67.5,Puerto,Rico
2005,1,8,0,2005,1,11,1,26.5,-0.3,0,0,18,-67.5,Puerto,Rico
2005,1,11,1,2005,1,15,0,26.8,0.1,0,0,18,-67.5,Puerto,Rico
2005,1,15,0,2005,1,18,1,26.5,-0.1,0,0,18,-67.5,Puerto,Rico
2005,1,18,1,2005,1,22,0,26.5,-0.1,0,0,18,-67.5,Puerto,Rico
2005,1,22,0,2005,1,25,2,26.2,-0.3,0,0,18,-67.5,Puerto,Rico
2005,1,25,2,2005,1,29,1,26.1,-0.3,0,0,18,-67.5,Puerto,Rico
2005,1,29,1,2005,2,1,0,26.3,-0.1,0,0,18,-67.5,Puerto,Rico
2005,2,1,0,2005,2,4,23,26.3,0,0,0,18,-67.5,Puerto,Rico
2005,2,4,23,2005,2,8,0,25.6,-0.6,0,0,18,-67.5,Puerto,Rico
2005,2,8,0,2005,2,12,1,25.7,-0.5,0,0,18,-67.5,Puerto,Rico
2005,2,12,1,2005,2,15,1,25.3,-0.8,0,0,18,-67.5,Puerto,Rico
2005,2,15,1,2005,2,19,2,25.8,-0.3,0,0,18,-67.5,Puerto,Rico
2005,2,19,2,2005,2,22,1,25.7,-0.3,0,0,18,-67.5,Puerto,Rico
2005,2,22,1,2005,2,26,1,26.1,0.1,0,0,18,-67.5,Puerto,Rico
2005,2,26,1,2005,3,1,2,26,0,0,0,18,-67.5,Puerto,Rico
2005,3,1,2,2005,3,5,1,26.5,0.5,0,0,18,-67.5,Puerto,Rico
2005,3,5,1,2005,3,8,0,26.4,0.4,0,0,18,-67.5,Puerto,Rico
2005,3,8,0,2005,3,11,23,26.1,0.2,0,0,18,-67.5,Puerto,Rico
2005,3,11,23,2005,3,15,1,26.5,0.6,0,0,18,-67.5,Puerto,Rico
2005,3,15,1,2005,3,19,0,26.4,0.4,0,0,18,-67.5,Puerto,Rico
2005,3,19,0,2005,3,22,1,26.7,0.71,0,0,18,-67.5,Puerto,Rico
2005,3,22,1,2005,3,26,0,26.8,0.76,0,0,18,-67.5,Puerto,Rico
2005,3,26,0,2005,3,29,1,26.8,0.72,0,0,18,-67.5,Puerto,Rico
2005,3,29,1,2005,4,2,1,27,0.87,0,0,18,-67.5,Puerto,Rico
2005,4,2,1,2005,4,5,0,26.9,0.73,0,0,18,-67.5,Puerto,Rico
2005,4,5,0,2005,4,9,1,27.4,1.18,0,0,18,-67.5,Puerto,Rico
2005,4,9,1,2005,4,12,0,26.8,0.54,0,0,18,-67.5,Puerto,Rico
2005,4,12,0,2005,4,16,1,27.1,0.77,0,0,18,-67.5,Puerto,Rico
2005,4,16,1,2005,4,19,1,27.5,1.09,0,0,18,-67.5,Puerto,Rico
2005,4,19,1,2005,4,23,2,27.6,1.09,0,0,18,-67.5,Puerto,Rico
2005,4,23,2,2005,4,26,1,28,1.41,0,0,18,-67.5,Puerto,Rico
2005,4,26,1,2005,4,30,0,28.1,1.4,0,0,18,-67.5,Puerto,Rico
2005,4,30,0,2005,5,3,1,28,1.22,0,0,18,-67.5,Puerto,Rico
2005,5,3,1,2005,5,7,1,28.1,1.21,0,0,18,-67.5,Puerto,Rico
2005,5,7,1,2005,5,10,2,28.1,1.13,0,0,18,-67.5,Puerto,Rico
2005,5,10,2,2005,5,14,1,28.1,1.03,0,0,18,-67.5,Puerto,Rico
2005,5,14,1,2005,5,17,0,28.1,0.97,0,0,18,-67.5,Puerto,Rico
2005,5,17,0,2005,5,21,0,28.1,0.92,0,0,18,-67.5,Puerto,Rico
2005,5,21,0,2005,5,24,1,28.5,1.28,0,0,18,-67.5,Puerto,Rico
2005,5,24,1,2005,5,28,0,28.6,1.33,0.1,0,18,-67.5,Puerto,Rico
2005,5,28,0,2005,5,31,1,28.8,1.49,0.3,0,18,-67.5,Puerto,Rico
2005,5,31,1,2005,6,4,2,28.7,1.34,0.2,0,18,-67.5,Puerto,Rico
2005,6,4,2,2005,6,7,0,28.5,1.1,0,0,18,-67.5,Puerto,Rico
2005,6,7,0,2005,6,11,1,28.5,1.05,0,0,18,-67.5,Puerto,Rico
2005,6,11,1,2005,6,14,2,28.5,1.01,0,0,18,-67.5,Puerto,Rico
2005,6,14,2,2005,6,18,1,29.2,1.68,0.7,0,18,-67.5,Puerto,Rico
2005,6,18,1,2005,6,21,0,29,1.46,0.5,0,18,-67.5,Puerto,Rico
2005,6,21,0,2005,6,25,1,29,1.43,0.5,0,18,-67.5,Puerto,Rico
2005,6,25,1,2005,6,28,1,29,1.41,0.5,0,18,-67.5,Puerto,Rico
2005,6,28,1,2005,7,2,2,29,1.39,0.5,0,18,-67.5,Puerto,Rico
2005,7,2,2,2005,7,5,1,29.2,1.57,0.7,0,18,-67.5,Puerto,Rico
2005,7,5,1,2005,7,9,2,29.2,1.54,0.7,0,18,-67.5,Puerto,Rico
2005,7,9,2,2005,7,12,1,29.2,1.52,0.7,0,18,-67.5,Puerto,Rico
2005,7,12,1,2005,7,16,1,29.2,1.49,0.7,0,18,-67.5,Puerto,Rico
2005,7,16,1,2005,7,19,0,28.7,0.95,0.2,0,18,-67.5,Puerto,Rico
2005,7,19,0,2005,7,23,1,28.5,0.7,0,0,18,-67.5,Puerto,Rico
2005,7,23,1,2005,7,26,0,28.7,0.86,0.2,0,18,-67.5,Puerto,Rico
2005,7,26,0,2005,7,30,1,28.5,0.61,0,0,18,-67.5,Puerto,Rico
2005,7,30,1,2005,8,2,1,29.3,1.37,0.8,0,18,-67.5,Puerto,Rico
2005,8,2,1,2005,8,6,2,29.2,1.22,0.7,0,18,-67.5,Puerto,Rico
2005,8,6,2,2005,8,9,1,29.4,1.38,0.9,0,18,-67.5,Puerto,Rico
2005,8,9,1,2005,8,13,0,29.3,1.23,0.8,0,18,-67.5,Puerto,Rico
2005,8,13,0,2005,8,16,1,29.2,1.09,0.7,0,18,-67.5,Puerto,Rico
2005,8,16,1,2005,8,20,1,29.5,1.34,1,0.5,18,-67.5,Puerto,Rico
2005,8,20,1,2005,8,22,23,29.4,1.21,0.9,0.5,18,-67.5,Puerto,Rico
2005,8,22,23,2005,8,27,0,29.5,1.25,1,1,18,-67.5,Puerto,Rico
2005,8,27,0,2005,8,30,0,29.6,1.31,1.1,1.55,18,-67.5,Puerto,Rico
2005,8,30,0,2005,9,2,23,29.4,1.07,0.9,1.55,18,-67.5,Puerto,Rico
2005,9,2,23,2005,9,6,0,29.4,1.02,0.9,1.55,18,-67.5,Puerto,Rico
2005,9,6,0,2005,9,9,22,30,1.58,1.5,2.3,18,-67.5,Puerto,Rico
2005,9,9,22,2005,9,12,23,29.5,1.04,1,2.8,18,-67.5,Puerto,Rico
2005,9,12,23,2005,9,17,0,29.5,1,1,3.3,18,-67.5,Puerto,Rico
2005,9,17,0,2005,9,19,23,29.9,1.4,1.4,4,18,-67.5,Puerto,Rico
2005,9,19,23,2005,9,23,23,30,1.5,1.5,4.75,18,-67.5,Puerto,Rico
2005,9,23,23,2005,9,27,0,30.3,1.8,1.8,5.65,18,-67.5,Puerto,Rico
2005,9,27,0,2005,9,30,23,30,1.5,1.5,6.4,18,-67.5,Puerto,Rico
2005,9,30,23,2005,10,4,0,29.7,1.2,1.2,7,18,-67.5,Puerto,Rico
2005,10,4,0,2005,10,8,0,29.6,1.1,1.1,7.55,18,-67.5,Puerto,Rico
2005,10,8,0,2005,10,10,23,29.4,0.9,0.9,7.55,18,-67.5,Puerto,Rico
2005,10,10,23,2005,10,14,23,29.4,0.9,0.9,7.55,18,-67.5,Puerto,Rico
2005,10,14,23,2005,10,18,0,29.4,0.92,0.9,7.55,18,-67.5,Puerto,Rico
2005,10,18,0,2005,10,22,1,28.9,0.45,0.4,7.55,18,-67.5,Puerto,Rico
2005,10,22,1,2005,10,25,0,28.9,0.46,0.4,7.55,18,-67.5,Puerto,Rico
2005,10,25,0,2005,10,28,23,29.1,0.68,0.6,7.55,18,-67.5,Puerto,Rico
2005,10,28,23,2005,11,1,1,28.9,0.51,0.4,7.55,18,-67.5,Puerto,Rico
2005,11,1,1,2005,11,5,0,29,0.64,0.5,7.55,18,-67.5,Puerto,Rico
2005,11,5,0,2005,11,8,0,29,0.65,0.5,7.55,18,-67.5,Puerto,Rico
2005,11,8,0,2005,11,11,23,28.9,0.57,0.4,7.05,18,-67.5,Puerto,Rico
2005,11,11,23,2005,11,14,22,29.2,0.89,0.7,7.05,18,-67.5,Puerto,Rico
2005,11,14,22,2005,11,18,23,28.6,0.4,0.1,6.55,18,-67.5,Puerto,Rico
2005,11,18,23,2005,11,22,5,28.3,0.23,0,6,18,-67.5,Puerto,Rico
2005,11,22,5,2005,11,26,0,28.4,0.47,0,6,18,-67.5,Puerto,Rico
2005,11,26,0,2005,11,28,23,28.4,0.53,0,6,18,-67.5,Puerto,Rico
2005,11,28,23,2005,12,3,5,27.9,0.2,0,5.25,18,-67.5,Puerto,Rico
2005,12,3,5,2005,12,6,0,28.1,0.5,0,4.75,18,-67.5,Puerto,Rico
2005,12,6,0,2005,12,9,23,27.9,0.4,0,4.25,18,-67.5,Puerto,Rico
2005,12,9,23,2005,12,13,5,27.7,0.33,0,3.55,18,-67.5,Puerto,Rico
2005,12,13,5,2005,12,17,0,27.8,0.54,0,2.8,18,-67.5,Puerto,Rico
2005,12,17,0,2005,12,19,23,27.6,0.38,0,1.9,18,-67.5,Puerto,Rico
2005,12,19,23,2005,12,24,0,27.3,0.17,0,1.15,18,-67.5,Puerto,Rico
2005,12,24,0,2005,12,27,0,27.5,0.43,0,0.55,18,-67.5,Puerto,Rico
2005,12,27,0,2005,12,30,21,27.3,0.29,0,0,18,-67.5,Puerto,Rico
2005,12,30,21,2006,1,3,0,27.3,0.37,0,0,18,-67.5,Puerto,Rico
2006,1,3,0,2006,1,7,0,27.2,0.35,0,0,18,-67.5,Puerto,Rico
2006,1,7,0,2006,1,10,1,27.1,0.3,0,0,18,-67.5,Puerto,Rico
2006,1,10,1,2006,1,14,0,26.8,0.08,0,0,18,-67.5,Puerto,Rico
2006,1,14,0,2006,1,16,23,26.9,0.22,0,0,18,-67.5,Puerto,Rico
2006,1,16,23,2006,1,21,5,26.8,0.22,0,0,18,-67.5,Puerto,Rico
2006,1,21,5,2006,1,24,0,26.4,-0.12,0,0,18,-67.5,Puerto,Rico
2006,1,24,0,2006,1,27,23,26.6,0.14,0,0,18,-67.5,Puerto,Rico
2006,1,27,23,2006,1,31,5,26,-0.38,0,0,18,-67.5,Puerto,Rico
2006,1,31,5,2006,2,4,0,26.3,0,0,0,18,-67.5,Puerto,Rico
2006,2,4,0,2006,2,6,23,26.6,0.34,0,0,18,-67.5,Puerto,Rico
2006,2,6,23,2006,2,10,23,26.6,0.42,0,0,18,-67.5,Puerto,Rico
2006,2,10,23,2006,2,14,0,26.5,0.4,0,0,18,-67.5,Puerto,Rico
2006,2,14,0,2006,2,18,1,26.5,0.43,0,0,18,-67.5,Puerto,Rico
2006,2,18,1,2006,2,20,23,26.3,0.24,0,0,18,-67.5,Puerto,Rico
2006,2,20,23,2006,2,25,0,26.5,0.48,0,0,18,-67.5,Puerto,Rico
2006,2,25,0,2006,2,28,1,26.4,0.4,0,0,18,-67.5,Puerto,Rico
2006,2,28,1,2006,3,4,0,26.1,0.12,0,0,18,-67.5,Puerto,Rico
2006,3,4,0,2006,3,7,0,26.4,0.44,0,0,18,-67.5,Puerto,Rico
2006,3,7,0,2006,3,11,4,26.4,0.47,0,0,18,-67.5,Puerto,Rico
2006,3,11,4,2006,3,14,0,26.2,0.29,0,0,18,-67.5,Puerto,Rico
2006,3,14,0,2006,3,17,23,26.3,0.37,0,0,18,-67.5,Puerto,Rico
2006,3,17,23,2006,3,21,5,26.5,0.52,0,0,18,-67.5,Puerto,Rico
2006,3,21,5,2006,3,25,0,26.5,0.47,0,0,18,-67.5,Puerto,Rico
2006,3,25,0,2006,3,27,23,26.6,0.55,0,0,18,-67.5,Puerto,Rico
2006,3,27,23,2006,4,1,5,26.5,0.38,0,0,18,-67.5,Puerto,Rico
2006,4,1,5,2006,4,4,0,26.8,0.64,0,0,18,-67.5,Puerto,Rico
2006,4,4,0,2006,4,7,23,26.9,0.7,0,0,18,-67.5,Puerto,Rico
2006,4,7,23,2006,4,11,0,27,0.75,0,0,18,-67.5,Puerto,Rico
2006,4,11,0,2006,4,15,0,26.9,0.6,0,0,18,-67.5,Puerto,Rico
2006,4,15,0,2006,4,17,23,27,0.65,0,0,18,-67.5,Puerto,Rico
2006,4,17,23,2006,4,22,0,26.8,0.31,0,0,18,-67.5,Puerto,Rico
2006,4,22,0,2006,4,25,0,27.4,0.83,0,0,18,-67.5,Puerto,Rico
2006,4,25,0,2006,4,29,1,27.6,0.93,0,0,18,-67.5,Puerto,Rico
2006,4,29,1,2006,5,2,0,27.3,0.55,0,0,18,-67.5,Puerto,Rico
2006,5,2,0,2006,5,6,0,27.4,0.54,0,0,18,-67.5,Puerto,Rico
2006,5,6,0,2006,5,8,23,27.2,0.29,0,0,18,-67.5,Puerto,Rico
2006,5,8,23,2006,5,13,0,27.6,0.55,0,0,18,-67.5,Puerto,Rico
2006,5,13,0,2006,5,16,0,27.9,0.79,0,0,18,-67.5,Puerto,Rico
2006,5,16,0,2006,5,19,23,27.8,0.65,0,0,18,-67.5,Puerto,Rico
2006,5,19,23,2006,5,23,0,28.1,0.9,0,0,18,-67.5,Puerto,Rico
2006,5,23,0,2006,5,26,23,28.3,1.06,0,0,18,-67.5,Puerto,Rico
2006,5,26,23,2006,5,29,23,28.4,1.12,0,0,18,-67.5,Puerto,Rico
2006,5,29,23,2006,6,3,0,28.1,0.75,0,0,18,-67.5,Puerto,Rico
2006,6,3,0,2006,6,5,23,28.5,1.13,0,0,18,-67.5,Puerto,Rico
2006,6,5,23,2006,6,10,0,27.8,0.36,0,0,18,-67.5,Puerto,Rico
2006,6,10,0,2006,6,13,0,28.4,0.93,0,0,18,-67.5,Puerto,Rico
2006,6,13,0,2006,6,16,23,28.5,0.99,0,0,18,-67.5,Puerto,Rico
2006,6,16,23,2006,6,20,0,28.5,0.97,0,0,18,-67.5,Puerto,Rico
2006,6,20,0,2006,6,24,0,28.2,0.64,0,0,18,-67.5,Puerto,Rico
2006,6,24,0,2006,6,27,1,28.2,0.62,0,0,18,-67.5,Puerto,Rico
2006,6,27,1,2006,7,1,0,28.6,0.99,0.1,0,18,-67.5,Puerto,Rico
2006,6,27,1,2006,7,1,0,28.6,0.99,0.1,0,18,-67.5,Puerto,Rico
2006,7,1,0,2006,7,4,0,28.5,0.87,0,0,18,-67.5,Puerto,Rico
2006,7,4,0,2006,7,7,23,28.2,0.55,0,0,18,-67.5,Puerto,Rico
2006,7,7,23,2006,7,11,0,28.2,0.53,0,0,18,-67.5,Puerto,Rico
2006,7,11,0,2006,7,15,1,28.2,0.5,0,0,18,-67.5,Puerto,Rico
2006,7,15,1,2006,7,18,1,28.1,0.36,0,0,18,-67.5,Puerto,Rico
2006,7,18,1,2006,7,22,0,28.4,0.61,0,0,18,-67.5,Puerto,Rico
2006,7,22,0,2006,7,24,23,28.4,0.58,0,0,18,-67.5,Puerto,Rico
2006,7,24,23,2006,7,28,23,28.5,0.63,0,0,18,-67.5,Puerto,Rico
2006,7,28,23,2006,8,1,0,28.4,0.48,0,0,18,-67.5,Puerto,Rico
2006,8,1,0,2006,8,5,1,28.5,0.53,0,0,18,-67.5,Puerto,Rico
2006,8,5,1,2006,8,7,23,28.5,0.5,0,0,18,-67.5,Puerto,Rico
2006,8,7,23,2006,8,12,0,28.1,0.04,0,0,18,-67.5,Puerto,Rico
2006,8,12,0,2006,8,15,1,28.4,0.3,0,0,18,-67.5,Puerto,Rico
2006,8,15,1,2006,8,19,0,28.7,0.55,0.2,0,18,-67.5,Puerto,Rico
2006,8,19,0,2006,8,22,0,28.8,0.61,0.3,0,18,-67.5,Puerto,Rico
2006,8,22,0,2006,8,25,23,28.9,0.67,0.4,0,18,-67.5,Puerto,Rico
2006,8,25,23,2006,8,29,0,28.9,0.62,0.4,0,18,-67.5,Puerto,Rico
2006,8,29,0,2006,9,1,23,29,0.68,0.5,0,18,-67.5,Puerto,Rico
2006,9,1,23,2006,9,4,23,29,0.64,0.5,0,18,-67.5,Puerto,Rico
2006,9,4,23,2006,9,9,0,29,0.58,0.5,0,18,-67.5,Puerto,Rico
2006,9,9,0,2006,9,11,23,29,0.55,0.5,0,18,-67.5,Puerto,Rico
2006,9,11,23,2006,9,16,0,29.3,0.8,0.8,0,18,-67.5,Puerto,Rico
2006,9,16,0,2006,9,18,23,29.1,0.6,0.6,0,18,-67.5,Puerto,Rico
2006,9,18,23,2006,9,23,1,29.5,1,1,0.5,18,-67.5,Puerto,Rico
2006,9,23,1,2006,9,26,0,29.5,1,1,1,18,-67.5,Puerto,Rico
2006,9,26,0,2006,9,29,23,29.5,1,1,1.5,18,-67.5,Puerto,Rico
2006,9,29,23,2006,10,3,5,29.5,1,1,2,18,-67.5,Puerto,Rico
2006,10,3,5,2006,10,7,0,29.3,0.8,0.8,2,18,-67.5,Puerto,Rico
2006,10,7,0,2006,10,9,23,29.3,0.8,0.8,2,18,-67.5,Puerto,Rico
2006,10,9,23,2006,10,14,5,29.3,0.8,0.8,2,18,-67.5,Puerto,Rico
2006,10,14,5,2006,10,17,0,29.3,0.81,0.8,2,18,-67.5,Puerto,Rico
2006,10,17,0,2006,10,20,23,29.3,0.83,0.8,2,18,-67.5,Puerto,Rico
2006,10,20,23,2006,10,24,5,29.4,0.96,0.9,2,18,-67.5,Puerto,Rico
2006,10,24,5,2006,10,28,0,29.3,0.88,0.8,2,18,-67.5,Puerto,Rico
2006,10,28,0,2006,10,30,23,29.6,1.2,1.1,2.55,18,-67.5,Puerto,Rico
2006,10,30,23,2006,11,3,22,29.2,0.82,0.7,2.55,18,-67.5,Puerto,Rico
2006,11,3,22,2006,11,6,23,29.3,0.94,0.8,2.55,18,-67.5,Puerto,Rico
2006,11,6,23,2006,11,11,4,29.2,0.87,0.7,2.55,18,-67.5,Puerto,Rico
2006,11,11,4,2006,11,13,22,29.2,0.89,0.7,2.55,18,-67.5,Puerto,Rico
2006,11,13,22,2006,11,17,23,28.9,0.67,0.4,2.55,18,-67.5,Puerto,Rico
2006,11,17,23,2006,11,21,5,28.9,0.8,0.4,2.55,18,-67.5,Puerto,Rico
2006,11,21,5,2006,11,25,0,28.8,0.83,0.3,2.55,18,-67.5,Puerto,Rico
2006,11,25,0,2006,11,27,23,28.7,0.8,0.2,2.55,18,-67.5,Puerto,Rico
2006,11,27,23,2006,12,2,4,28.8,1.07,0.3,2.55,18,-67.5,Puerto,Rico
2006,12,2,4,2006,12,5,0,27.9,0.27,0,2.55,18,-67.5,Puerto,Rico
2006,12,5,0,2006,12,8,23,28.3,0.77,0,2.55,18,-67.5,Puerto,Rico
2006,12,8,23,2006,12,12,4,28,0.6,0,2.55,18,-67.5,Puerto,Rico
2006,12,12,4,2006,12,16,0,28,0.72,0,2.05,18,-67.5,Puerto,Rico
2006,12,16,0,2006,12,18,23,28,0.76,0,1.55,18,-67.5,Puerto,Rico
2006,12,18,23,2006,12,23,0,27.9,0.75,0,1.05,18,-67.5,Puerto,Rico
2006,12,23,0,2006,12,26,0,27.7,0.61,0,0.55,18,-67.5,Puerto,Rico
2006,12,26,0,2006,12,30,5,27.6,0.59,0,0.55,18,-67.5,Puerto,Rico
2006,12,30,5,2007,1,1,22,27.5,0.53,0,0.55,18,-67.5,Puerto,Rico
2007,1,1,22,2007,1,5,23,27.4,0.51,0,0.55,18,-67.5,Puerto,Rico
2007,1,5,23,2007,1,9,5,27.3,0.48,0,0.55,18,-67.5,Puerto,Rico
2007,1,9,5,2007,1,13,0,27.2,0.46,0,0.55,18,-67.5,Puerto,Rico
2007,1,13,0,2007,1,15,23,27.2,0.5,0,0.55,18,-67.5,Puerto,Rico
2007,1,15,23,2007,1,20,5,27.1,0.5,0,0.55,18,-67.5,Puerto,Rico
2007,1,20,5,2007,1,23,0,26.9,0.36,0,0,18,-67.5,Puerto,Rico
2007,1,23,0,2007,1,26,23,26.8,0.32,0,0,18,-67.5,Puerto,Rico
2007,1,26,23,2007,1,30,5,26.8,0.4,0,0,18,-67.5,Puerto,Rico
2007,1,30,5,2007,2,3,0,26.7,0.38,0,0,18,-67.5,Puerto,Rico
2007,2,3,0,2007,2,5,23,26.8,0.52,0,0,18,-67.5,Puerto,Rico
2007,2,5,23,2007,2,10,0,26.7,0.52,0,0,18,-67.5,Puerto,Rico
2007,2,10,0,2007,2,13,0,26.7,0.58,0,0,18,-67.5,Puerto,Rico
2007,2,13,0,2007,2,17,5,26.7,0.62,0,0,18,-67.5,Puerto,Rico
2007,2,17,5,2007,2,20,0,26.7,0.64,0,0,18,-67.5,Puerto,Rico
2007,2,20,0,2007,2,23,23,26.7,0.66,0,0,18,-67.5,Puerto,Rico
2007,2,23,23,2007,2,27,5,26.8,0.79,0,0,18,-67.5,Puerto,Rico
2007,2,27,5,2007,3,3,0,26.8,0.82,0,0,18,-67.5,Puerto,Rico
2007,2,27,5,2007,3,3,0,26.8,0.82,0,0,18,-67.5,Puerto,Rico
2007,3,3,0,2007,3,5,23,26.8,0.83,0,0,18,-67.5,Puerto,Rico
2007,3,5,23,2007,3,9,23,26.7,0.76,0,0,18,-67.5,Puerto,Rico
2007,3,9,23,2007,3,13,0,26.5,0.59,0,0,18,-67.5,Puerto,Rico
2007,3,13,0,2007,3,16,23,26.6,0.69,0,0,18,-67.5,Puerto,Rico
2007,3,16,23,2007,3,20,4,26.8,0.84,0,0,18,-67.5,Puerto,Rico
2007,3,20,4,2007,3,24,0,26.7,0.68,0,0,18,-67.5,Puerto,Rico
2007,3,24,0,2007,3,26,23,26.8,0.76,0,0,18,-67.5,Puerto,Rico
2007,3,26,23,2007,3,30,22,26.8,0.71,0,0,18,-67.5,Puerto,Rico
2007,3,30,22,2007,4,3,0,26.7,0.55,0,0,18,-67.5,Puerto,Rico
2007,4,3,0,2007,4,7,5,26.7,0.5,0,0,18,-67.5,Puerto,Rico
2007,4,7,5,2007,4,9,22,26.7,0.48,0,0,18,-67.5,Puerto,Rico
2007,4,9,22,2007,4,13,23,27.1,0.83,0,0,18,-67.5,Puerto,Rico
2007,4,13,23,2007,4,17,5,27.3,0.95,0,0,18,-67.5,Puerto,Rico
2007,4,17,5,2007,4,21,0,27.2,0.74,0,0,18,-67.5,Puerto,Rico
2007,4,21,0,2007,4,23,23,27.6,1.09,0,0,18,-67.5,Puerto,Rico
2007,4,23,23,2007,4,28,4,27.1,0.45,0,0,18,-67.5,Puerto,Rico
2007,4,28,4,2007,5,1,0,27.5,0.77,0,0,18,-67.5,Puerto,Rico
2007,4,28,4,2007,5,1,0,27.5,0.77,0,0,18,-67.5,Puerto,Rico
2007,5,1,0,2007,5,3,0,27.6,0.82,0,0,18,-67.5,Puerto,Rico
2007,5,3,0,2007,5,7,5,27.8,0.91,0,0,18,-67.5,Puerto,Rico
2007,5,7,5,2007,5,10,0,27.8,0.83,0,0,18,-67.5,Puerto,Rico
2007,5,10,0,2007,5,13,23,28,0.95,0,0,18,-67.5,Puerto,Rico
2007,5,13,23,2007,5,17,4,27.8,0.67,0,0,18,-67.5,Puerto,Rico
2007,5,17,4,2007,5,21,0,27.4,0.22,0,0,18,-67.5,Puerto,Rico
2007,5,21,0,2007,5,23,23,28,0.8,0,0,18,-67.5,Puerto,Rico
2007,5,23,23,2007,5,28,0,28.3,1.03,0,0,18,-67.5,Puerto,Rico
2007,5,28,0,2007,5,31,0,28.3,0.99,0,0,18,-67.5,Puerto,Rico
2007,5,31,0,2007,6,4,5,28.5,1.14,0,0,18,-67.5,Puerto,Rico
2007,6,4,5,2007,6,7,0,28.5,1.1,0,0,18,-67.5,Puerto,Rico
2007,6,7,0,2007,6,11,0,28.4,0.95,0,0,18,-67.5,Puerto,Rico
2007,6,11,0,2007,6,14,5,28.4,0.91,0,0,18,-67.5,Puerto,Rico
2007,6,14,5,2007,6,18,0,28,0.48,0,0,18,-67.5,Puerto,Rico
2007,6,18,0,2007,6,21,0,28.6,1.06,0.1,0,18,-67.5,Puerto,Rico
2007,6,21,0,2007,6,25,4,27.8,0.23,0,0,18,-67.5,Puerto,Rico
2007,6,25,4,2007,6,28,0,27.8,0.21,0,0,18,-67.5,Puerto,Rico
2007,6,28,0,2007,7,1,23,28.7,1.09,0.2,0,18,-67.5,Puerto,Rico
2007,6,28,0,2007,7,1,23,28.7,1.09,0.2,0,18,-67.5,Puerto,Rico
2007,7,1,23,2007,7,5,4,28.1,0.47,0,0,18,-67.5,Puerto,Rico
2007,7,5,4,2007,7,9,0,28.6,0.94,0.1,0,18,-67.5,Puerto,Rico
2007,7,9,0,2007,7,11,23,28.7,1.03,0.2,0,18,-67.5,Puerto,Rico
2007,7,11,23,2007,7,16,0,28.6,0.89,0.1,0,18,-67.5,Puerto,Rico
2007,7,16,0,2007,7,19,0,28.4,0.65,0,0,18,-67.5,Puerto,Rico
2007,7,19,0,2007,7,23,4,28,0.2,0,0,18,-67.5,Puerto,Rico
2007,7,23,4,2007,7,26,0,28,0.16,0,0,18,-67.5,Puerto,Rico
2007,7,26,0,2007,7,30,0,28.5,0.61,0,0,18,-67.5,Puerto,Rico
2007,7,30,0,2007,8,2,4,28.8,0.87,0.3,0,18,-67.5,Puerto,Rico
2007,8,2,4,2007,8,6,0,28.8,0.82,0.3,0,18,-67.5,Puerto,Rico
2007,8,6,0,2007,8,9,3,28.9,0.88,0.4,0,18,-67.5,Puerto,Rico
2007,8,9,3,2007,8,13,4,28.9,0.83,0.4,0,18,-67.5,Puerto,Rico
2007,8,13,4,2007,8,16,3,28.9,0.79,0.4,0,18,-67.5,Puerto,Rico
2007,8,16,3,2007,8,20,4,28.9,0.74,0.4,0,18,-67.5,Puerto,Rico
2007,8,20,4,2007,8,23,4,28.9,0.7,0.4,0,18,-67.5,Puerto,Rico
2007,8,23,4,2007,8,27,3,28.8,0.55,0.3,0,18,-67.5,Puerto,Rico
2007,8,27,3,2007,8,30,5,28.8,0.51,0.3,0,18,-67.5,Puerto,Rico
2007,8,30,5,2007,9,3,3,28.8,0.45,0.3,0,18,-67.5,Puerto,Rico
2007,9,3,3,2007,9,6,3,28.8,0.42,0.3,0,18,-67.5,Puerto,Rico
2007,9,6,3,2007,9,10,5,29,0.56,0.5,0,18,-67.5,Puerto,Rico
2007,9,10,5,2007,9,13,3,29,0.53,0.5,0,18,-67.5,Puerto,Rico
2007,9,13,3,2007,9,17,2,29,0.5,0.5,0,18,-67.5,Puerto,Rico
2007,9,17,2,2007,9,20,4,28.8,0.3,0.3,0,18,-67.5,Puerto,Rico
2007,9,20,4,2007,9,24,3,29.2,0.7,0.7,0,18,-67.5,Puerto,Rico
2007,9,24,3,2007,9,26,23,29.3,0.8,0.8,0,18,-67.5,Puerto,Rico
2007,9,26,23,2007,10,1,4,29.3,0.8,0.8,0,18,-67.5,Puerto,Rico
2007,9,26,23,2007,10,1,4,29.3,0.8,0.8,0,18,-67.5,Puerto,Rico
2007,10,1,4,2007,10,4,3,29.3,0.8,0.8,0,18,-67.5,Puerto,Rico
2007,10,4,3,2007,10,8,5,29.1,0.6,0.6,0,18,-67.5,Puerto,Rico
2007,10,8,5,2007,10,11,4,29.1,0.6,0.6,0,18,-67.5,Puerto,Rico
2007,10,11,4,2007,10,15,3,29.2,0.7,0.7,0,18,-67.5,Puerto,Rico
2007,10,15,3,2007,10,18,5,29.1,0.62,0.6,0,18,-67.5,Puerto,Rico
2007,10,18,5,2007,10,22,3,29.1,0.65,0.6,0,18,-67.5,Puerto,Rico
2007,10,22,3,2007,10,25,3,29.1,0.66,0.6,0,18,-67.5,Puerto,Rico
2007,10,25,3,2007,10,29,5,29.1,0.69,0.6,0,18,-67.5,Puerto,Rico
2007,10,29,5,2007,11,1,3,29.1,0.71,0.6,0,18,-67.5,Puerto,Rico
2007,11,1,3,2007,11,5,3,28.3,-0.06,0,0,18,-67.5,Puerto,Rico
2007,11,5,3,2007,11,8,5,28.5,0.15,0,0,18,-67.5,Puerto,Rico
2007,11,8,5,2007,11,12,3,28.4,0.08,0,0,18,-67.5,Puerto,Rico
2007,11,12,3,2007,11,15,3,28.4,0.1,0,0,18,-67.5,Puerto,Rico
2007,11,15,3,2007,11,19,3,28.2,0.03,0,0,18,-67.5,Puerto,Rico
2007,11,19,3,2007,11,22,3,28.2,0.13,0,0,18,-67.5,Puerto,Rico
2007,11,22,3,2007,11,26,5,28,0.07,0,0,18,-67.5,Puerto,Rico
2007,11,26,5,2007,11,29,3,28,0.17,0,0,18,-67.5,Puerto,Rico
2007,11,29,3,2007,12,3,3,27.8,0.1,0,0,18,-67.5,Puerto,Rico
2007,12,3,3,2007,12,6,5,27.6,0,0,0,18,-67.5,Puerto,Rico
2007,12,6,5,2007,12,10,3,27.4,-0.07,0,0,18,-67.5,Puerto,Rico
2007,12,10,3,2007,12,13,3,27.5,0.13,0,0,18,-67.5,Puerto,Rico
2007,12,13,3,2007,12,17,5,27.6,0.34,0,0,18,-67.5,Puerto,Rico
2007,12,17,5,2007,12,20,3,27.3,0.1,0,0,18,-67.5,Puerto,Rico
2007,12,20,3,2007,12,24,5,27.4,0.27,0,0,18,-67.5,Puerto,Rico
2007,12,24,5,2007,12,27,5,27.3,0.23,0,0,18,-67.5,Puerto,Rico
2007,12,27,5,2007,12,31,3,27.2,0.21,0,0,18,-67.5,Puerto,Rico
2007,12,31,3,2008,1,3,5,27.2,0.27,0,0,18,-67.5,Puerto,Rico
2008,1,3,5,2008,1,7,3,26.8,-0.05,0,0,18,-67.5,Puerto,Rico
2008,1,7,3,2008,1,10,3,27,0.2,0,0,18,-67.5,Puerto,Rico
2008,1,10,3,2008,1,14,5,26.7,-0.02,0,0,18,-67.5,Puerto,Rico
2008,1,14,5,2008,1,17,3,26.4,-0.26,0,0,18,-67.5,Puerto,Rico
2008,1,17,3,2008,1,21,3,26.7,0.12,0,0,18,-67.5,Puerto,Rico
2008,1,21,3,2008,1,24,4,26.5,-0.02,0,0,18,-67.5,Puerto,Rico
2008,1,24,4,2008,1,28,3,26.6,0.16,0,0,18,-67.5,Puerto,Rico
2008,1,28,3,2008,1,31,3,26.5,0.12,0,0,18,-67.5,Puerto,Rico
2008,1,31,3,2008,2,4,4,26.2,-0.1,0,0,18,-67.5,Puerto,Rico
2008,2,4,4,2008,2,7,0,26.2,-0.04,0,0,18,-67.5,Puerto,Rico
2008,2,7,0,2008,2,11,5,26.2,0.04,0,0,18,-67.5,Puerto,Rico
2008,2,11,5,2008,2,14,4,25.9,-0.2,0,0,18,-67.5,Puerto,Rico
2008,2,14,4,2008,2,18,3,26.2,0.13,0,0,18,-67.5,Puerto,Rico
2008,2,18,3,2008,2,21,5,26.1,0.05,0,0,18,-67.5,Puerto,Rico
2008,2,21,5,2008,2,25,3,26,-0.02,0,0,18,-67.5,Puerto,Rico
2008,2,25,3,2008,2,28,3,26.2,0.2,0,0,18,-67.5,Puerto,Rico
2008,2,28,3,2008,3,3,5,26.1,0.12,0,0,18,-67.5,Puerto,Rico
2008,3,3,5,2008,3,6,3,26,0.04,0,0,18,-67.5,Puerto,Rico
2008,3,6,3,2008,3,10,3,26,0.07,0,0,18,-67.5,Puerto,Rico
2008,3,10,3,2008,3,13,5,26,0.09,0,0,18,-67.5,Puerto,Rico
2008,3,13,5,2008,3,17,3,26.1,0.16,0,0,18,-67.5,Puerto,Rico
2008,3,17,3,2008,3,20,5,26.2,0.22,0,0,18,-67.5,Puerto,Rico
2008,3,20,5,2008,3,24,4,25.7,-0.33,0,0,18,-67.5,Puerto,Rico
2008,3,24,4,2008,3,27,3,26,-0.07,0,0,18,-67.5,Puerto,Rico
2008,3,27,3,2008,3,31,4,26,-0.12,0,0,18,-67.5,Puerto,Rico
2008,3,31,4,2008,4,3,3,26,-0.16,0,0,18,-67.5,Puerto,Rico
2008,4,3,3,2008,4,7,3,25.9,-0.31,0,0,18,-67.5,Puerto,Rico
2008,4,7,3,2008,4,10,5,25.8,-0.45,0,0,18,-67.5,Puerto,Rico
2008,4,10,5,2008,4,14,3,26,-0.3,0,0,18,-67.5,Puerto,Rico
2008,4,14,3,2008,4,17,3,26.1,-0.28,0,0,18,-67.5,Puerto,Rico
2008,4,17,3,2008,4,21,4,26.3,-0.19,0,0,18,-67.5,Puerto,Rico
2008,4,21,4,2008,4,24,3,26.7,0.13,0,0,18,-67.5,Puerto,Rico
2008,4,24,3,2008,4,28,4,26.9,0.23,0,0,18,-67.5,Puerto,Rico
2008,4,28,4,2008,5,1,4,26.9,0.15,0,0,18,-67.5,Puerto,Rico
2008,4,28,4,2008,5,1,4,26.9,0.15,0,0,18,-67.5,Puerto,Rico
2008,5,1,4,2008,5,5,3,27.1,0.24,0,0,18,-67.5,Puerto,Rico
2008,5,5,3,2008,5,8,4,26.9,-0.04,0,0,18,-67.5,Puerto,Rico
2008,5,8,4,2008,5,12,3,26.8,-0.25,0,0,18,-67.5,Puerto,Rico
2008,5,12,3,2008,5,15,3,27.4,0.29,0,0,18,-67.5,Puerto,Rico
2008,5,15,3,2008,5,19,4,27.4,0.24,0,0,18,-67.5,Puerto,Rico
2008,5,19,4,2008,5,22,3,27.5,0.3,0,0,18,-67.5,Puerto,Rico
2008,5,22,3,2008,5,26,3,27.8,0.55,0,0,18,-67.5,Puerto,Rico
2008,5,26,3,2008,5,29,4,27.9,0.61,0,0,18,-67.5,Puerto,Rico
2008,5,29,4,2008,6,2,3,27.6,0.25,0,0,18,-67.5,Puerto,Rico
2008,6,2,3,2008,6,5,4,27.7,0.32,0,0,18,-67.5,Puerto,Rico
2008,6,5,4,2008,6,9,4,27.7,0.26,0,0,18,-67.5,Puerto,Rico
2008,6,9,4,2008,6,12,0,28.2,0.73,0,0,18,-67.5,Puerto,Rico
2008,6,12,0,2008,6,16,4,28.4,0.89,0,0,18,-67.5,Puerto,Rico
2008,6,16,4,2008,6,19,4,28.3,0.77,0,0,18,-67.5,Puerto,Rico
2008,6,19,4,2008,6,23,3,27.8,0.24,0,0,18,-67.5,Puerto,Rico
2008,6,23,3,2008,6,26,4,28,0.42,0,0,18,-67.5,Puerto,Rico
2008,6,26,4,2008,6,30,3,27.2,-0.41,0,0,18,-67.5,Puerto,Rico
2008,6,30,3,2008,7,3,3,27.7,0.07,0,0,18,-67.5,Puerto,Rico
2008,7,3,3,2008,7,7,4,27.8,0.15,0,0,18,-67.5,Puerto,Rico
2008,7,7,4,2008,7,10,3,28.1,0.43,0,0,18,-67.5,Puerto,Rico
2008,7,10,3,2008,7,14,4,27.9,0.2,0,0,18,-67.5,Puerto,Rico
2008,7,14,4,2008,7,17,4,28.1,0.36,0,0,18,-67.5,Puerto,Rico
2008,7,17,4,2008,7,21,3,28.2,0.41,0,0,18,-67.5,Puerto,Rico
2008,7,21,3,2008,7,24,4,28.1,0.27,0,0,18,-67.5,Puerto,Rico
2008,7,24,4,2008,7,28,3,28.1,0.22,0,0,18,-67.5,Puerto,Rico
2008,7,28,3,2008,7,31,3,28.5,0.58,0,0,18,-67.5,Puerto,Rico
2008,7,31,3,2008,8,4,4,28.5,0.53,0,0,18,-67.5,Puerto,Rico
2008,8,4,4,2008,8,7,3,28.6,0.59,0.1,0,18,-67.5,Puerto,Rico
2008,8,7,3,2008,8,11,3,28.6,0.54,0.1,0,18,-67.5,Puerto,Rico
2008,8,11,3,2008,8,14,5,28.6,0.5,0.1,0,18,-67.5,Puerto,Rico
2008,8,14,5,2008,8,18,3,28.6,0.45,0.1,0,18,-67.5,Puerto,Rico
2008,8,18,3,2008,8,21,4,29,0.81,0.5,0,18,-67.5,Puerto,Rico
2008,8,21,4,2008,8,25,4,29.2,0.96,0.7,0,18,-67.5,Puerto,Rico
2008,8,25,4,2008,8,28,3,29,0.72,0.5,0,18,-67.5,Puerto,Rico
2008,8,28,3,2008,9,1,5,29.4,1.07,0.9,0,18,-67.5,Puerto,Rico
2008,9,1,5,2008,9,4,3,29.4,1.03,0.9,0,18,-67.5,Puerto,Rico
2008,9,4,3,2008,9,8,3,29,0.58,0.5,0,18,-67.5,Puerto,Rico
2008,9,8,3,2008,9,11,5,29,0.54,0.5,0,18,-67.5,Puerto,Rico
2008,9,11,5,2008,9,15,3,29.1,0.6,0.6,0,18,-67.5,Puerto,Rico
2008,9,15,3,2008,9,18,2,29.3,0.8,0.8,0,18,-67.5,Puerto,Rico
2008,9,18,2,2008,9,22,4,29.5,1,1,0.5,18,-67.5,Puerto,Rico
2008,9,22,4,2008,9,25,3,29.4,0.9,0.9,0.5,18,-67.5,Puerto,Rico
2008,9,25,3,2008,9,29,5,28.9,0.4,0.4,0.5,18,-67.5,Puerto,Rico
2008,9,29,5,2008,10,2,3,28.8,0.3,0.3,0.5,18,-67.5,Puerto,Rico
2008,10,2,3,2008,10,6,3,29.1,0.6,0.6,0.5,18,-67.5,Puerto,Rico
2008,10,6,3,2008,10,9,5,29.1,0.6,0.6,0.5,18,-67.5,Puerto,Rico
2008,10,9,5,2008,10,13,3,29.1,0.6,0.6,0.5,18,-67.5,Puerto,Rico
2008,10,13,3,2008,10,16,3,29.1,0.61,0.6,0.5,18,-67.5,Puerto,Rico
2008,10,16,3,2008,10,20,5,28.6,0.14,0.1,0.5,18,-67.5,Puerto,Rico
2008,10,20,5,2008,10,23,3,28.5,0.06,0,0.5,18,-67.5,Puerto,Rico
2008,10,23,3,2008,10,27,5,28.6,0.18,0.1,0.5,18,-67.5,Puerto,Rico
2008,10,27,5,2008,10,30,4,28.5,0.1,0,0.5,18,-67.5,Puerto,Rico
2008,10,30,4,2008,11,3,3,28.6,0.23,0.1,0.5,18,-67.5,Puerto,Rico
2008,11,3,3,2008,11,6,5,28.3,-0.05,0,0.5,18,-67.5,Puerto,Rico
2008,11,6,5,2008,11,10,3,28.6,0.27,0.1,0.5,18,-67.5,Puerto,Rico
2008,11,10,3,2008,11,13,4,28.6,0.29,0.1,0.5,18,-67.5,Puerto,Rico
2008,11,13,4,2008,11,17,5,28.6,0.4,0.1,0.5,18,-67.5,Puerto,Rico
2008,11,17,5,2008,11,20,3,28.2,0.1,0,0.5,18,-67.5,Puerto,Rico
2008,11,20,3,2008,11,24,3,28.2,0.23,0,0.5,18,-67.5,Puerto,Rico
2008,11,24,3,2008,11,27,5,28.1,0.23,0,0.5,18,-67.5,Puerto,Rico
2008,11,27,5,2008,12,1,3,27.8,0.07,0,0.5,18,-67.5,Puerto,Rico
2008,11,27,5,2008,12,1,3,27.8,0.07,0,0.5,18,-67.5,Puerto,Rico
2008,12,1,3,2008,12,4,3,27.7,0.07,0,0.5,18,-67.5,Puerto,Rico
2008,12,4,3,2008,12,8,3,27.5,0,0,0.5,18,-67.5,Puerto,Rico
2008,12,8,3,2008,12,11,4,27.4,0,0,0.5,18,-67.5,Puerto,Rico
2008,12,11,4,2008,12,15,5,27.2,-0.08,0,0,18,-67.5,Puerto,Rico
2008,12,15,5,2008,12,18,3,27.2,-0.02,0,0,18,-67.5,Puerto,Rico
2008,12,18,3,2008,12,22,3,26.8,-0.35,0,0,18,-67.5,Puerto,Rico
2008,12,22,3,2008,12,25,5,26.8,-0.29,0,0,18,-67.5,Puerto,Rico
2008,12,25,5,2008,12,29,2,26.5,-0.51,0,0,18,-67.5,Puerto,Rico
2008,12,29,2,2008,12,31,23,26.6,-0.37,0,0,18,-67.5,Puerto,Rico
2008,12,31,23,2009,1,5,5,26.4,-0.49,0,0,18,-67.5,Puerto,Rico
2009,1,5,5,2009,1,8,3,26.4,-0.44,0,0,18,-67.5,Puerto,Rico
2009,1,8,7,2009,1,12,10,26.4,-0.36,0,0,18,-67.5,Puerto,Rico
2009,1,12,10,2009,1,15,4,26.4,-0.3,0,0,18,-67.5,Puerto,Rico
2009,1,15,4,2009,1,19,3,26.3,-0.32,0,0,18,-67.5,Puerto,Rico
2009,1,19,3,2009,1,22,4,26.3,-0.26,0,0,18,-67.5,Puerto,Rico
2009,1,22,4,2009,1,26,3,26.3,-0.18,0,0,18,-67.5,Puerto,Rico
2009,1,26,3,2009,1,29,3,26.4,-0.02,0,0,18,-67.5,Puerto,Rico
2009,1,29,3,2009,2,2,4,26.3,-0.04,0,0,18,-67.5,Puerto,Rico
2009,2,2,4,2009,2,5,3,26.1,-0.18,0,0,18,-67.5,Puerto,Rico
2009,2,5,3,2009,2,9,4,26.3,0.1,0,0,18,-67.5,Puerto,Rico
2009,2,9,4,2009,2,12,4,26.3,0.16,0,0,18,-67.5,Puerto,Rico
2009,2,12,4,2009,2,16,3,26.1,0.01,0,0,18,-67.5,Puerto,Rico
2009,2,16,3,2009,2,19,5,26.1,0.03,0,0,18,-67.5,Puerto,Rico
2009,2,19,5,2009,2,23,4,25.8,-0.24,0,0,18,-67.5,Puerto,Rico
2009,2,23,4,2009,2,26,3,25.9,-0.12,0,0,18,-67.5,Puerto,Rico
2009,2,26,3,2009,3,2,5,26,0.01,0,0,18,-67.5,Puerto,Rico
2009,2,26,3,2009,3,2,5,26,0.01,0,0,18,-67.5,Puerto,Rico
2009,3,2,5,2009,3,5,3,26,0.03,0,0,18,-67.5,Puerto,Rico
2009,3,5,3,2009,3,9,3,25.7,-0.24,0,0,18,-67.5,Puerto,Rico
2009,3,9,3,2009,3,12,5,25.7,-0.22,0,0,18,-67.5,Puerto,Rico
2009,3,12,5,2009,3,16,3,25.7,-0.21,0,0,18,-67.5,Puerto,Rico
2009,3,16,3,2009,3,19,3,25.8,-0.15,0,0,18,-67.5,Puerto,Rico
2009,3,19,3,2009,3,23,0,25.7,-0.3,0,0,18,-67.5,Puerto,Rico
2009,3,23,0,2009,3,26,3,25.7,-0.34,0,0,18,-67.5,Puerto,Rico
2009,3,26,3,2009,3,30,4,25.7,-0.39,0,0,18,-67.5,Puerto,Rico
2009,3,30,4,2009,4,2,2,25.7,-0.43,0,0,18,-67.5,Puerto,Rico
2009,4,2,2,2009,4,6,3,26.1,-0.08,0,0,18,-67.5,Puerto,Rico
2009,4,6,3,2009,4,9,4,26.1,-0.12,0,0,18,-67.5,Puerto,Rico
2009,4,9,4,2009,4,13,3,25.9,-0.37,0,0,18,-67.5,Puerto,Rico
2009,4,13,3,2009,4,16,3,26.4,0.07,0,0,18,-67.5,Puerto,Rico
2009,4,16,3,2009,4,20,4,26.3,-0.13,0,0,18,-67.5,Puerto,Rico
2009,4,20,4,2009,4,23,3,26.8,0.29,0,0,18,-67.5,Puerto,Rico
2009,4,23,3,2009,4,27,4,26.9,0.28,0,0,18,-67.5,Puerto,Rico
2009,4,27,4,2009,4,30,4,26.7,0,0,0,18,-67.5,Puerto,Rico
2009,4,30,4,2009,5,4,3,26.5,-0.31,0,0,18,-67.5,Puerto,Rico
2009,5,4,3,2009,5,7,4,26.8,-0.09,0,0,18,-67.5,Puerto,Rico
2009,5,7,4,2009,5,11,4,26.1,-0.89,0,0,18,-67.5,Puerto,Rico
2009,5,11,4,2009,5,14,3,27,-0.07,0,0,18,-67.5,Puerto,Rico
2009,5,14,3,2009,5,18,4,26.8,-0.34,0,0,18,-67.5,Puerto,Rico
2009,5,18,4,2009,5,21,4,27,-0.18,0,0,18,-67.5,Puerto,Rico
2009,5,21,4,2009,5,25,3,27.2,-0.03,0,0,18,-67.5,Puerto,Rico
2009,5,25,3,2009,5,28,4,27.3,0.03,0,0,18,-67.5,Puerto,Rico
2009,5,28,4,2009,6,1,3,27.8,0.48,0,0,18,-67.5,Puerto,Rico
2009,6,1,3,2009,6,4,4,27.6,0.24,0,0,18,-67.5,Puerto,Rico
2009,6,4,4,2009,6,8,3,28,0.59,0,0,18,-67.5,Puerto,Rico
2009,6,8,3,2009,6,11,3,28.3,0.85,0,0,18,-67.5,Puerto,Rico
2009,6,11,3,2009,6,15,0,28.3,0.8,0,0,18,-67.5,Puerto,Rico
2009,6,15,0,2009,6,18,1,28.7,1.18,0.2,0,18,-67.5,Puerto,Rico
2009,6,18,1,2009,6,22,4,28.6,1.05,0.1,0,18,-67.5,Puerto,Rico
2009,6,22,4,2009,6,25,4,28.4,0.83,0,0,18,-67.5,Puerto,Rico
2009,6,25,4,2009,6,29,5,28.4,0.81,0,0,18,-67.5,Puerto,Rico
2009,6,29,5,2009,7,2,4,28.4,0.79,0,0,18,-67.5,Puerto,Rico
2009,7,2,4,2009,7,6,3,28.6,0.96,0.1,0,18,-67.5,Puerto,Rico
2009,7,6,3,2009,7,9,3,28.4,0.74,0,0,18,-67.5,Puerto,Rico
2009,7,9,3,2009,7,13,4,28.4,0.71,0,0,18,-67.5,Puerto,Rico
2009,7,13,4,2009,7,16,3,28.5,0.79,0,0,18,-67.5,Puerto,Rico
2009,7,16,3,2009,7,20,3,28.7,0.94,0.2,0,18,-67.5,Puerto,Rico
2009,7,20,3,2009,7,23,4,28.7,0.9,0.2,0,18,-67.5,Puerto,Rico
2009,7,23,4,2009,7,27,3,28.4,0.55,0,0,18,-67.5,Puerto,Rico
2009,7,27,3,2009,7,30,3,28.6,0.71,0.1,0,18,-67.5,Puerto,Rico
2009,7,30,3,2009,8,3,0,28.5,0.55,0,0,18,-67.5,Puerto,Rico
2009,8,3,0,2009,8,6,0,28.7,0.72,0.2,0,18,-67.5,Puerto,Rico
2009,8,6,0,2009,8,10,4,28.5,0.46,0,0,18,-67.5,Puerto,Rico
2009,8,10,4,2009,8,13,0,28.6,0.53,0.1,0,18,-67.5,Puerto,Rico
2009,8,13,0,2009,8,17,1,28.7,0.57,0.2,0,18,-67.5,Puerto,Rico
2009,8,17,1,2009,8,20,5,28.7,0.54,0.2,0,18,-67.5,Puerto,Rico
2009,8,20,5,2009,8,24,0,28.6,0.38,0.1,0,18,-67.5,Puerto,Rico
2009,8,24,0,2009,8,27,3,28.9,0.65,0.4,0,18,-67.5,Puerto,Rico
2009,8,27,3,2009,8,31,4,28.8,0.49,0.3,0,18,-67.5,Puerto,Rico
2009,8,31,4,2009,9,3,3,29.1,0.75,0.6,0,18,-67.5,Puerto,Rico
2009,9,3,3,2009,9,7,2,29.2,0.8,0.7,0,18,-67.5,Puerto,Rico
2009,9,7,2,2009,9,10,4,29.2,0.76,0.7,0,18,-67.5,Puerto,Rico
2009,9,10,4,2009,9,14,3,29.3,0.81,0.8,0,18,-67.5,Puerto,Rico
2009,9,14,3,2009,9,17,2,29.3,0.8,0.8,0,18,-67.5,Puerto,Rico
2009,9,17,2,2009,9,21,3,29.3,0.8,0.8,0,18,-67.5,Puerto,Rico
2009,9,21,3,2009,9,24,3,29.1,0.6,0.6,0,18,-67.5,Puerto,Rico
2009,9,24,3,2009,9,28,4,29.4,0.9,0.9,0,18,-67.5,Puerto,Rico
2009,9,28,4,2009,10,1,3,29.5,1,1,0.5,18,-67.5,Puerto,Rico
2009,9,28,4,2009,10,1,3,29.5,1,1,0.5,18,-67.5,Puerto,Rico
2009,10,1,3,2009,10,5,3,29.2,0.7,0.7,0.5,18,-67.5,Puerto,Rico
2009,10,5,3,2009,10,8,5,29.4,0.9,0.9,0.5,18,-67.5,Puerto,Rico
2009,10,8,5,2009,10,12,3,29.5,1,1,1,18,-67.5,Puerto,Rico
2009,10,12,3,2009,10,15,3,29.4,0.9,0.9,1,18,-67.5,Puerto,Rico
2009,10,15,3,2009,10,19,5,29.5,1.03,1,1.5,18,-67.5,Puerto,Rico
2009,10,19,5,2009,10,22,3,29.4,0.95,0.9,1.5,18,-67.5,Puerto,Rico
2009,10,22,3,2009,10,26,2,29.2,0.77,0.7,1.5,18,-67.5,Puerto,Rico
2009,10,26,2,2009,10,29,4,29.3,0.89,0.8,1.5,18,-67.5,Puerto,Rico
2009,10,29,4,2009,11,2,3,29.1,0.72,0.6,1.5,18,-67.5,Puerto,Rico
2009,11,2,3,2009,11,5,5,28.9,0.54,0.4,1.5,18,-67.5,Puerto,Rico
2009,11,5,5,2009,11,9,3,29,0.66,0.5,1.5,18,-67.5,Puerto,Rico
2009,11,9,3,2009,11,12,3,28.7,0.38,0.2,1.5,18,-67.5,Puerto,Rico
2009,11,12,3,2009,11,16,5,28.8,0.53,0.3,1.5,18,-67.5,Puerto,Rico
2009,11,16,5,2009,11,19,3,28.7,0.53,0.2,1.5,18,-67.5,Puerto,Rico
2009,11,19,3,2009,11,23,3,28.8,0.77,0.3,1.5,18,-67.5,Puerto,Rico
2009,11,23,3,2009,11,26,5,28.9,0.97,0.4,1.5,18,-67.5,Puerto,Rico
2009,11,26,5,2009,11,30,3,28.6,0.8,0.1,1.5,18,-67.5,Puerto,Rico
2009,11,30,3,2009,12,3,3,28.7,1,0.2,1.5,18,-67.5,Puerto,Rico
2009,12,3,3,2009,12,7,5,28.7,1.13,0.2,1.5,18,-67.5,Puerto,Rico
2009,12,7,5,2009,12,10,3,28.4,0.93,0,1.5,18,-67.5,Puerto,Rico
2009,12,10,3,2009,12,14,3,28.4,1.07,0,1.5,18,-67.5,Puerto,Rico
2009,12,14,3,2009,12,17,4,28.2,0.94,0,1.5,18,-67.5,Puerto,Rico
2009,12,17,4,2009,12,21,4,28,0.82,0,1.5,18,-67.5,Puerto,Rico
2009,12,21,4,2009,12,24,3,27.9,0.77,0,1,18,-67.5,Puerto,Rico
2009,12,24,3,2009,12,28,3,28,0.95,0,1,18,-67.5,Puerto,Rico
2009,12,28,3,2009,12,31,3,27.9,0.91,0,1,18,-67.5,Puerto,Rico
2009,12,31,3,2010,1,4,5,27.6,0.69,0,0.5,18,-67.5,Puerto,Rico
2010,1,4,5,2010,1,7,3,27.1,0.25,0,0.5,18,-67.5,Puerto,Rico
2010,1,7,3,2010,1,11,3,27.7,0.92,0,0,18,-67.5,Puerto,Rico
2010,1,11,3,2010,1,14,5,27.7,0.98,0,0,18,-67.5,Puerto,Rico
2010,1,14,5,2010,1,18,3,27.3,0.66,0,0,18,-67.5,Puerto,Rico
2010,1,18,3,2010,1,21,3,27.6,1.02,0,0,18,-67.5,Puerto,Rico
2010,1,21,3,2010,1,25,5,27.5,1,0,0,18,-67.5,Puerto,Rico
2010,1,25,5,2010,1,28,3,27.5,1.06,0,0,18,-67.5,Puerto,Rico
2010,1,28,3,2010,2,1,5,27.3,0.94,0,0,18,-67.5,Puerto,Rico
2010,2,1,5,2010,2,4,4,27.3,1,0,0,18,-67.5,Puerto,Rico
2010,2,4,4,2010,2,8,3,27.2,0.98,0,0,18,-67.5,Puerto,Rico
2010,2,8,3,2010,2,11,2,27.2,1.04,0,0,18,-67.5,Puerto,Rico
2010,2,11,2,2010,2,15,3,27,0.91,0,0,18,-67.5,Puerto,Rico
2010,2,15,3,2010,2,18,3,27.2,1.13,0,0,18,-67.5,Puerto,Rico
2010,2,18,3,2010,2,22,5,27.1,1.06,0,0,18,-67.5,Puerto,Rico
2010,2,22,5,2010,2,25,3,26.9,0.88,0,0,18,-67.5,Puerto,Rico
2010,2,25,3,2010,3,1,3,27.2,1.2,0,0,18,-67.5,Puerto,Rico
2010,2,25,3,2010,3,1,3,27.2,1.2,0,0,18,-67.5,Puerto,Rico
2010,3,1,3,2010,3,4,5,27.4,1.42,0,0,18,-67.5,Puerto,Rico
2010,3,4,5,2010,3,8,3,27.4,1.45,0,0,18,-67.5,Puerto,Rico
2010,3,8,3,2010,3,11,3,26.8,0.87,0,0,18,-67.5,Puerto,Rico
2010,3,11,3,2010,3,15,5,27.1,1.2,0,0,18,-67.5,Puerto,Rico
2010,3,15,5,2010,3,18,3,27.4,1.46,0,0,18,-67.5,Puerto,Rico
2010,3,18,3,2010,3,22,5,27.7,1.71,0,0,18,-67.5,Puerto,Rico
2010,3,22,5,2010,3,25,4,27.5,1.47,0,0,18,-67.5,Puerto,Rico
2010,3,25,4,2010,3,29,3,27.8,1.72,0,0,18,-67.5,Puerto,Rico
2010,3,29,3,2010,4,1,5,27.8,1.68,0,0,18,-67.5,Puerto,Rico
2010,4,1,5,2010,4,5,4,27.3,1.13,0,0,18,-67.5,Puerto,Rico
2010,4,5,4,2010,4,8,3,27.5,1.29,0,0,18,-67.5,Puerto,Rico
2010,4,8,3,2010,4,12,4,27.5,1.24,0,0,18,-67.5,Puerto,Rico
2010,4,12,4,2010,4,15,4,27.6,1.3,0,0,18,-67.5,Puerto,Rico
2010,4,15,4,2010,4,19,3,27.4,0.99,0,0,18,-67.5,Puerto,Rico
2010,4,19,3,2010,4,22,4,27.5,1.01,0,0,18,-67.5,Puerto,Rico
2010,4,22,4,2010,4,26,3,28.1,1.51,0,0,18,-67.5,Puerto,Rico
2010,4,26,3,2010,4,29,3,28,1.33,0,0,18,-67.5,Puerto,Rico
2010,4,29,3,2010,5,3,4,27.9,1.12,0,0,18,-67.5,Puerto,Rico
2010,5,3,4,2010,5,6,3,28.4,1.54,0,0,18,-67.5,Puerto,Rico
2010,5,6,3,2010,5,10,4,28.4,1.43,0,0,18,-67.5,Puerto,Rico
2010,5,10,4,2010,5,13,4,28.4,1.35,0,0,18,-67.5,Puerto,Rico
2010,5,13,4,2010,5,17,3,28.3,1.17,0,0,18,-67.5,Puerto,Rico
2010,5,17,3,2010,5,20,4,28.5,1.34,0,0,18,-67.5,Puerto,Rico
2010,5,20,4,2010,5,24,4,28.5,1.28,0,0,18,-67.5,Puerto,Rico
2010,5,24,4,2010,5,27,3,28.9,1.65,0.4,0,18,-67.5,Puerto,Rico
2010,5,27,3,2010,5,31,4,28.9,1.59,0.4,0,18,-67.5,Puerto,Rico
2010,5,31,4,2010,6,3,4,28.9,1.55,0.4,0,18,-67.5,Puerto,Rico
2010,6,3,4,2010,6,7,3,28.4,1,0,0,18,-67.5,Puerto,Rico
2010,6,7,3,2010,6,10,4,29,1.56,0.5,0,18,-67.5,Puerto,Rico
2010,6,10,4,2010,6,14,3,29.3,1.81,0.8,0,18,-67.5,Puerto,Rico
2010,6,14,3,2010,6,17,3,29.3,1.79,0.8,0,18,-67.5,Puerto,Rico
2010,6,17,3,2010,6,21,4,29.2,1.66,0.7,0,18,-67.5,Puerto,Rico
2010,6,21,4,2010,6,24,3,29.2,1.64,0.7,0,18,-67.5,Puerto,Rico
2010,6,24,3,2010,6,28,4,28.9,1.31,0.4,0,18,-67.5,Puerto,Rico
2010,6,28,4,2010,7,1,4,28.9,1.29,0.4,0,18,-67.5,Puerto,Rico
2010,6,28,4,2010,7,1,4,28.9,1.29,0.4,0,18,-67.5,Puerto,Rico
2010,7,1,4,2010,7,5,3,28.6,0.97,0.1,0,18,-67.5,Puerto,Rico
2010,7,5,3,2010,7,8,4,29.1,1.45,0.6,0,18,-67.5,Puerto,Rico
2010,7,8,4,2010,7,12,4,28.9,1.22,0.4,0,18,-67.5,Puerto,Rico
2010,7,12,4,2010,7,15,3,29.3,1.6,0.8,0,18,-67.5,Puerto,Rico
2010,7,15,3,2010,7,19,4,29.1,1.35,0.6,0,18,-67.5,Puerto,Rico
2010,7,19,4,2010,7,22,3,29.1,1.31,0.6,0,18,-67.5,Puerto,Rico
2010,7,22,3,2010,7,26,3,28.8,0.96,0.3,0,18,-67.5,Puerto,Rico
2010,7,26,3,2010,7,29,4,28.9,1.02,0.4,0,18,-67.5,Puerto,Rico
2010,7,29,4,2010,8,2,3,29.1,1.17,0.6,0,18,-67.5,Puerto,Rico
2010,8,2,3,2010,8,5,4,29.4,1.43,0.9,0,18,-67.5,Puerto,Rico
2010,8,5,4,2010,8,9,4,29.3,1.28,0.8,0,18,-67.5,Puerto,Rico
2010,8,9,4,2010,8,12,3,29.2,1.14,0.7,0,18,-67.5,Puerto,Rico
2010,8,12,3,2010,8,16,5,29.7,1.59,1.2,0.6,18,-67.5,Puerto,Rico
2010,8,16,5,2010,8,19,4,29.7,1.55,1.2,1.2,18,-67.5,Puerto,Rico
2010,8,19,4,2010,8,23,3,29.4,1.2,0.9,1.2,18,-67.5,Puerto,Rico
2010,8,23,3,2010,8,26,5,29.8,1.56,1.3,1.85,18,-67.5,Puerto,Rico
2010,8,26,5,2010,8,30,3,30.2,1.91,1.7,2.7,18,-67.5,Puerto,Rico
2010,8,30,3,2010,9,2,3,29.5,1.17,1,3.2,18,-67.5,Puerto,Rico
2010,9,2,3,2010,9,6,5,29.7,1.32,1.2,3.8,18,-67.5,Puerto,Rico
2010,9,6,5,2010,9,9,3,29.7,1.28,1.2,4.4,18,-67.5,Puerto,Rico
2010,9,9,3,2010,9,13,5,29.9,1.43,1.4,5.1,18,-67.5,Puerto,Rico
2010,9,13,5,2010,9,16,5,29.8,1.3,1.3,5.75,18,-67.5,Puerto,Rico
2010,9,16,5,2010,9,20,3,29.5,1,1,6.25,18,-67.5,Puerto,Rico
2010,9,20,3,2010,9,23,5,29.9,1.4,1.4,6.95,18,-67.5,Puerto,Rico
2010,9,23,5,2010,9,27,3,29.1,0.6,0.6,6.95,18,-67.5,Puerto,Rico
2010,9,27,3,2010,9,30,3,29.1,0.6,0.6,6.95,18,-67.5,Puerto,Rico
2010,9,30,3,2010,10,4,5,29.1,0.6,0.6,6.95,18,-67.5,Puerto,Rico
2010,10,4,5,2010,10,7,3,29.1,0.6,0.6,6.95,18,-67.5,Puerto,Rico
2010,10,7,3,2010,10,11,3,29.3,0.8,0.8,6.95,18,-67.5,Puerto,Rico
2010,10,11,3,2010,10,14,5,29.2,0.7,0.7,6.95,18,-67.5,Puerto,Rico
2010,10,14,5,2010,10,18,3,29.4,0.92,0.9,6.95,18,-67.5,Puerto,Rico
2010,10,18,3,2010,10,21,3,29.5,1.04,1,7.45,18,-67.5,Puerto,Rico
2010,10,21,3,2010,10,25,5,29.4,0.96,0.9,7.45,18,-67.5,Puerto,Rico
2010,10,25,5,2010,10,28,3,29.2,0.78,0.7,7.45,18,-67.5,Puerto,Rico
2010,10,28,3,2010,11,1,5,29.1,0.71,0.6,7.45,18,-67.5,Puerto,Rico
2010,11,1,5,2010,11,4,4,29,0.63,0.5,7.45,18,-67.5,Puerto,Rico
2010,11,4,4,2010,11,8,4,29,0.65,0.5,6.85,18,-67.5,Puerto,Rico
2010,11,8,4,2010,11,11,5,28.2,-0.13,0,6.25,18,-67.5,Puerto,Rico
2010,11,11,5,2010,11,15,3,28.7,0.4,0.2,6.25,18,-67.5,Puerto,Rico
2010,11,15,3,2010,11,18,4,28.4,0.2,0,5.6,18,-67.5,Puerto,Rico
2010,11,18,4,2010,11,22,5,28.4,0.33,0,4.75,18,-67.5,Puerto,Rico
2010,11,22,5,2010,11,25,3,27.8,-0.17,0,4.25,18,-67.5,Puerto,Rico
2010,11,25,3,2010,11,29,3,28,0.17,0,3.65,18,-67.5,Puerto,Rico
2010,11,29,3,2010,12,2,5,27.8,0.07,0,3.05,18,-67.5,Puerto,Rico
2010,12,2,5,2010,12,6,3,27.5,-0.1,0,2.35,18,-67.5,Puerto,Rico
2010,12,6,3,2010,12,9,5,27.5,0,0,1.7,18,-67.5,Puerto,Rico
2010,12,9,5,2010,12,13,4,27.6,0.23,0,1.2,18,-67.5,Puerto,Rico
2010,12,13,4,2010,12,16,3,27.6,0.32,0,0.5,18,-67.5,Puerto,Rico
2010,12,16,3,2010,12,20,5,27.3,0.1,0,0.5,18,-67.5,Puerto,Rico
2010,12,20,5,2010,12,23,3,27.3,0.15,0,0.5,18,-67.5,Puerto,Rico
2010,12,23,3,2010,12,27,3,27,-0.07,0,0.5,18,-67.5,Puerto,Rico
2010,12,27,3,2010,12,30,5,26.6,-0.41,0,0.5,18,-67.5,Puerto,Rico
2010,12,30,5,2011,1,3,3,26.5,-0.43,0,0.5,18,-67.5,Puerto,Rico
2011,1,3,3,2011,1,6,3,26.4,-0.47,0,0.5,18,-67.5,Puerto,Rico
2011,1,6,3,2011,1,10,4,26.4,-0.4,0,0.5,18,-67.5,Puerto,Rico
2011,1,10,4,2011,1,13,3,26.3,-0.44,0,0,18,-67.5,Puerto,Rico
2011,1,13,3,2011,1,17,5,26.4,-0.26,0,0,18,-67.5,Puerto,Rico
2011,1,17,5,2011,1,20,5,26.5,-0.1,0,0,18,-67.5,Puerto,Rico
2011,1,20,5,2011,1,24,3,26.5,-0.02,0,0,18,-67.5,Puerto,Rico
2011,1,24,3,2011,1,27,5,26.5,0.04,0,0,18,-67.5,Puerto,Rico
2011,1,27,5,2011,1,31,3,26.5,0.12,0,0,18,-67.5,Puerto,Rico
2011,1,31,3,2011,2,3,3,26.5,0.18,0,0,18,-67.5,Puerto,Rico
2011,2,3,3,2011,2,7,5,26.5,0.26,0,0,18,-67.5,Puerto,Rico
2011,2,7,5,2011,2,10,3,26.5,0.32,0,0,18,-67.5,Puerto,Rico
2011,2,10,3,2011,2,14,3,26.3,0.2,0,0,18,-67.5,Puerto,Rico
2011,2,14,3,2011,2,17,5,26.4,0.32,0,0,18,-67.5,Puerto,Rico
2011,2,17,5,2011,2,21,3,26.4,0.35,0,0,18,-67.5,Puerto,Rico
2011,2,21,3,2011,2,24,3,26.3,0.27,0,0,18,-67.5,Puerto,Rico
2011,2,24,3,2011,2,28,4,26.4,0.4,0,0,18,-67.5,Puerto,Rico
2011,2,28,4,2011,3,3,3,26,0.02,0,0,18,-67.5,Puerto,Rico
2011,2,28,4,2011,3,3,3,26,0.02,0,0,18,-67.5,Puerto,Rico
2011,3,3,3,2011,3,7,5,26.2,0.24,0,0,18,-67.5,Puerto,Rico
2011,3,7,5,2011,3,10,4,26.2,0.27,0,0,18,-67.5,Puerto,Rico
2011,3,10,4,2011,3,14,3,25.9,-0.01,0,0,18,-67.5,Puerto,Rico
2011,3,14,3,2011,3,17,5,26.2,0.27,0,0,18,-67.5,Puerto,Rico
2011,3,17,5,2011,3,19,22,26.2,0.25,0,0,18,-67.5,Puerto,Rico
2011,3,19,22,2011,3,24,3,25.9,-0.12,0,0,18,-67.5,Puerto,Rico
2011,3,24,3,2011,3,28,4,26.1,0.03,0,0,18,-67.5,Puerto,Rico
2011,3,28,4,2011,3,31,3,26.3,0.19,0,0,18,-67.5,Puerto,Rico
2011,3,31,3,2011,4,4,5,26.5,0.34,0,0,18,-67.5,Puerto,Rico
2011,4,4,5,2011,4,7,4,26.5,0.3,0,0,18,-67.5,Puerto,Rico
2011,4,7,4,2011,4,11,3,26.6,0.35,0,0,18,-67.5,Puerto,Rico
2011,4,11,3,2011,4,14,4,26.5,0.21,0,0,18,-67.5,Puerto,Rico
2011,4,14,4,2011,4,18,4,26.8,0.42,0,0,18,-67.5,Puerto,Rico
2011,4,18,4,2011,4,21,3,26.8,0.34,0,0,18,-67.5,Puerto,Rico
2011,4,21,3,2011,4,25,4,26.9,0.33,0,0,18,-67.5,Puerto,Rico
2011,4,25,4,2011,4,28,4,27.2,0.55,0,0,18,-67.5,Puerto,Rico
2011,4,28,4,2011,5,2,3,27,0.25,0,0,18,-67.5,Puerto,Rico
2011,5,2,3,2011,5,5,5,27.3,0.47,0,0,18,-67.5,Puerto,Rico
2011,5,5,5,2011,5,9,3,27.3,0.36,0,0,18,-67.5,Puerto,Rico
2011,5,9,3,2011,5,12,3,27.3,0.28,0,0,18,-67.5,Puerto,Rico
2011,5,12,3,2011,5,16,4,27.2,0.09,0,0,18,-67.5,Puerto,Rico
2011,5,16,4,2011,5,19,3,27.4,0.25,0,0,18,-67.5,Puerto,Rico
2011,5,19,3,2011,5,23,4,27.7,0.5,0,0,18,-67.5,Puerto,Rico
2011,5,23,4,2011,5,26,4,27.7,0.46,0,0,18,-67.5,Puerto,Rico
2011,5,26,4,2011,5,30,3,28.3,1.01,0,0,18,-67.5,Puerto,Rico
2011,5,30,3,2011,6,2,4,28.5,1.17,0,0,18,-67.5,Puerto,Rico
2011,6,2,4,2011,6,6,4,28.5,1.12,0,0,18,-67.5,Puerto,Rico
2011,6,6,4,2011,6,9,3,28.5,1.08,0,0,18,-67.5,Puerto,Rico
2011,6,9,3,2011,6,13,4,28.9,1.43,0.4,0,18,-67.5,Puerto,Rico
2011,6,13,4,2011,6,16,3,28.8,1.29,0.3,0,18,-67.5,Puerto,Rico
2011,6,16,3,2011,6,20,3,28.9,1.37,0.4,0,18,-67.5,Puerto,Rico
2011,6,20,3,2011,6,23,4,28.6,1.05,0.1,0,18,-67.5,Puerto,Rico
2011,6,23,4,2011,6,27,3,28.8,1.22,0.3,0,18,-67.5,Puerto,Rico
2011,6,27,3,2011,6,30,3,28.4,0.8,0,0,18,-67.5,Puerto,Rico
2011,6,30,3,2011,7,4,4,28.2,0.57,0,0,18,-67.5,Puerto,Rico
2011,7,4,4,2011,7,7,3,28.3,0.65,0,0,18,-67.5,Puerto,Rico
2011,7,7,3,2011,7,11,4,28.4,0.73,0,0,18,-67.5,Puerto,Rico
2011,7,11,4,2011,7,14,4,28.4,0.71,0,0,18,-67.5,Puerto,Rico
2011,7,14,4,2011,7,18,3,28.6,0.86,0.1,0,18,-67.5,Puerto,Rico
2011,7,18,3,2011,7,21,4,28.7,0.92,0.2,0,18,-67.5,Puerto,Rico
2011,7,21,4,2011,7,25,3,28.7,0.87,0.2,0,18,-67.5,Puerto,Rico
2011,7,25,3,2011,7,28,3,28.9,1.03,0.4,0,18,-67.5,Puerto,Rico
2011,7,28,3,2011,8,1,4,28.9,0.98,0.4,0,18,-67.5,Puerto,Rico
2011,8,1,4,2011,8,4,3,28.9,0.94,0.4,0,18,-67.5,Puerto,Rico
2011,8,4,3,2011,8,8,4,28.6,0.59,0.1,0,18,-67.5,Puerto,Rico
2011,8,8,4,2011,8,11,3,28.6,0.55,0.1,0,18,-67.5,Puerto,Rico
2011,8,11,3,2011,8,15,3,28.6,0.5,0.1,0,18,-67.5,Puerto,Rico
2011,8,15,3,2011,8,18,5,29,0.86,0.5,0,18,-67.5,Puerto,Rico
2011,8,18,5,2011,8,22,4,28.9,0.71,0.4,0,18,-67.5,Puerto,Rico
2011,8,22,4,2011,8,25,3,28.9,0.67,0.4,0,18,-67.5,Puerto,Rico
2011,8,25,3,2011,8,29,4,28.8,0.52,0.3,0,18,-67.5,Puerto,Rico
2011,8,29,4,2011,9,1,3,28.8,0.48,0.3,0,18,-67.5,Puerto,Rico
2011,9,1,3,2011,9,5,3,29.2,0.83,0.7,0,18,-67.5,Puerto,Rico
2011,9,5,3,2011,9,8,5,29.5,1.09,1,0.5,18,-67.5,Puerto,Rico
2011,9,8,5,2011,9,12,3,29.3,0.84,0.8,0.5,18,-67.5,Puerto,Rico
2011,9,12,3,2011,9,15,5,29.3,0.8,0.8,0.5,18,-67.5,Puerto,Rico
2011,9,15,5,2011,9,19,3,29.1,0.6,0.6,0.5,18,-67.5,Puerto,Rico
2011,9,19,3,2011,9,22,3,29.5,1,1,1,18,-67.5,Puerto,Rico
2011,9,22,3,2011,9,26,5,29.1,0.6,0.6,1,18,-67.5,Puerto,Rico
2011,9,26,5,2011,9,29,3,29.1,0.6,0.6,1,18,-67.5,Puerto,Rico
2011,9,29,3,2011,10,3,3,29.6,1.1,1.1,1.55,18,-67.5,Puerto,Rico
2011,10,3,3,2011,10,6,5,29.5,1,1,2.05,18,-67.5,Puerto,Rico
2011,10,6,5,2011,10,10,3,29.5,1,1,2.55,18,-67.5,Puerto,Rico
2011,10,10,3,2011,10,13,3,29,0.5,0.5,2.55,18,-67.5,Puerto,Rico
2011,10,13,3,2011,10,17,4,29.3,0.81,0.8,2.55,18,-67.5,Puerto,Rico
2011,10,17,4,2011,10,20,3,29.3,0.83,0.8,2.55,18,-67.5,Puerto,Rico
2011,10,20,3,2011,10,24,5,29.2,0.76,0.7,2.55,18,-67.5,Puerto,Rico
2011,10,24,5,2011,10,27,4,29.2,0.78,0.7,2.55,18,-67.5,Puerto,Rico
2011,10,27,4,2011,10,31,3,29.1,0.7,0.6,2.55,18,-67.5,Puerto,Rico
2011,10,31,3,2011,11,3,5,29,0.62,0.5,2.55,18,-67.5,Puerto,Rico
2011,11,3,5,2011,11,7,3,28.9,0.55,0.4,2.55,18,-67.5,Puerto,Rico
2011,11,7,3,2011,11,10,3,28.8,0.47,0.3,2.55,18,-67.5,Puerto,Rico
2011,11,10,3,2011,11,14,5,28.7,0.39,0.2,2.55,18,-67.5,Puerto,Rico
2011,11,14,5,2011,11,17,3,28.6,0.37,0.1,2.55,18,-67.5,Puerto,Rico
2011,11,17,3,2011,11,21,5,28.7,0.6,0.2,2.55,18,-67.5,Puerto,Rico
2011,11,21,5,2011,11,24,5,28.5,0.5,0,2.55,18,-67.5,Puerto,Rico
2011,11,24,5,2011,11,28,4,28.6,0.73,0.1,2.55,18,-67.5,Puerto,Rico
2011,11,28,4,2011,12,1,5,28.4,0.63,0,2.05,18,-67.5,Puerto,Rico
2011,12,1,5,2011,12,5,3,28.4,0.77,0,2.05,18,-67.5,Puerto,Rico
2011,12,5,3,2011,12,8,4,28.1,0.57,0,2.05,18,-67.5,Puerto,Rico
2011,12,8,4,2011,12,12,5,28.3,0.9,0,2.05,18,-67.5,Puerto,Rico
2011,12,12,5,2011,12,15,3,28.3,1,0,1.55,18,-67.5,Puerto,Rico
2011,12,15,3,2011,12,19,3,27.8,0.58,0,1.55,18,-67.5,Puerto,Rico
2011,12,19,3,2011,12,22,5,27.8,0.64,0,1.55,18,-67.5,Puerto,Rico
2011,12,22,5,2011,12,26,3,27.5,0.41,0,1,18,-67.5,Puerto,Rico
2011,12,26,3,2011,12,29,5,27.3,0.27,0,0.5,18,-67.5,Puerto,Rico
2011,12,29,5,2012,1,2,4,27.2,0.25,0,0,18,-67.5,Puerto,Rico
2012,1,2,4,2012,1,5,3,27.1,0.21,0,0,18,-67.5,Puerto,Rico
2012,1,5,3,2012,1,9,5,27,0.18,0,0,18,-67.5,Puerto,Rico
2012,1,9,5,2012,1,12,3,27,0.24,0,0,18,-67.5,Puerto,Rico
2012,1,12,3,2012,1,16,3,26.9,0.22,0,0,18,-67.5,Puerto,Rico
2012,1,16,3,2012,1,19,5,26.9,0.28,0,0,18,-67.5,Puerto,Rico
2012,1,19,5,2012,1,23,3,26.6,0.06,0,0,18,-67.5,Puerto,Rico
2012,1,23,3,2012,1,26,3,26.7,0.22,0,0,18,-67.5,Puerto,Rico
2012,1,26,3,2012,1,30,4,26.6,0.2,0,0,18,-67.5,Puerto,Rico
2012,1,30,4,2012,2,2,3,26.4,0.06,0,0,18,-67.5,Puerto,Rico
2012,2,2,3,2012,2,6,5,26.4,0.14,0,0,18,-67.5,Puerto,Rico
2012,2,6,5,2012,2,9,4,26.4,0.2,0,0,18,-67.5,Puerto,Rico
2012,2,9,4,2012,2,13,3,26.2,0.08,0,0,18,-67.5,Puerto,Rico
2012,2,13,3,2012,2,16,5,26.3,0.21,0,0,18,-67.5,Puerto,Rico
2012,2,16,5,2012,2,20,3,26.3,0.24,0,0,18,-67.5,Puerto,Rico
2012,2,20,3,2012,2,23,3,26.4,0.36,0,0,18,-67.5,Puerto,Rico
2012,2,23,3,2012,2,27,5,26.3,0.29,0,0,18,-67.5,Puerto,Rico
2012,2,27,5,2012,3,1,3,26,0.01,0,0,18,-67.5,Puerto,Rico
2012,3,1,3,2012,3,5,5,26.2,0.24,0,0,18,-67.5,Puerto,Rico
2012,3,5,5,2012,3,8,5,26.2,0.26,0,0,18,-67.5,Puerto,Rico
2012,3,8,5,2012,3,12,3,26.1,0.19,0,0,18,-67.5,Puerto,Rico
2012,3,12,3,2012,3,15,5,26.2,0.29,0,0,18,-67.5,Puerto,Rico
2012,3,15,5,2012,3,19,3,26.1,0.14,0,0,18,-67.5,Puerto,Rico
2012,3,19,3,2012,3,22,3,26.2,0.2,0,0,18,-67.5,Puerto,Rico
2012,3,22,3,2012,3,26,5,26.4,0.35,0,0,18,-67.5,Puerto,Rico
2012,3,26,5,2012,3,29,3,26.6,0.51,0,0,18,-67.5,Puerto,Rico
2012,3,29,3,2012,4,2,3,26.6,0.45,0,0,18,-67.5,Puerto,Rico
2012,4,2,3,2012,4,5,5,26.5,0.32,0,0,18,-67.5,Puerto,Rico
2012,4,5,5,2012,4,9,3,26.9,0.66,0,0,18,-67.5,Puerto,Rico
2012,4,9,3,2012,4,12,5,27,0.73,0,0,18,-67.5,Puerto,Rico
2012,4,12,5,2012,4,16,4,27,0.65,0,0,18,-67.5,Puerto,Rico
2012,4,16,4,2012,4,19,3,26.9,0.47,0,0,18,-67.5,Puerto,Rico
2012,4,19,3,2012,4,23,4,26.9,0.36,0,0,18,-67.5,Puerto,Rico
2012,4,23,4,2012,4,26,4,26.9,0.28,0,0,18,-67.5,Puerto,Rico
2012,4,26,4,2012,4,29,20,27.4,0.7,0,0,18,-67.5,Puerto,Rico
2012,4,29,20,2012,5,3,4,27.1,0.29,0,0,18,-67.5,Puerto,Rico
2012,5,3,4,2012,5,7,3,27.2,0.29,0,0,18,-67.5,Puerto,Rico
2012,5,7,3,2012,5,10,4,27.6,0.61,0,0,18,-67.5,Puerto,Rico
2012,5,10,4,2012,5,14,4,27.7,0.6,0,0,18,-67.5,Puerto,Rico
2012,5,14,4,2012,5,17,3,27.8,0.66,0,0,18,-67.5,Puerto,Rico
2012,5,17,3,2012,5,21,4,27.9,0.71,0,0,18,-67.5,Puerto,Rico
2012,5,21,4,2012,5,24,4,27.9,0.67,0,0,18,-67.5,Puerto,Rico
2012,5,24,4,2012,5,28,3,27.8,0.52,0,0,18,-67.5,Puerto,Rico
2012,5,28,3,2012,5,31,4,28,0.68,0,0,18,-67.5,Puerto,Rico
2012,5,31,4,2012,6,4,3,27.7,0.33,0,0,18,-67.5,Puerto,Rico
2012,6,4,3,2012,6,7,3,28.1,0.69,0,0,18,-67.5,Puerto,Rico
2012,6,7,3,2012,6,11,4,28.3,0.84,0,0,18,-67.5,Puerto,Rico
2012,6,11,4,2012,6,14,3,27.9,0.4,0,0,18,-67.5,Puerto,Rico
2012,6,14,3,2012,6,18,4,28.4,0.87,0,0,18,-67.5,Puerto,Rico
2012,6,18,4,2012,6,21,4,28.4,0.85,0,0,18,-67.5,Puerto,Rico
2012,6,21,4,2012,6,25,3,28,0.43,0,0,18,-67.5,Puerto,Rico
2012,6,25,3,2012,6,28,4,28.1,0.51,0,0,18,-67.5,Puerto,Rico
2012,6,28,4,2012,7,2,3,28.1,0.48,0,0,18,-67.5,Puerto,Rico
2012,7,2,3,2012,7,5,3,28.2,0.56,0,0,18,-67.5,Puerto,Rico
2012,7,5,3,2012,7,9,4,27.9,0.23,0,0,18,-67.5,Puerto,Rico
2012,7,9,4,2012,7,12,3,27.9,0.21,0,0,18,-67.5,Puerto,Rico
2012,7,12,3,2012,7,16,4,28.5,0.77,0,0,18,-67.5,Puerto,Rico
2012,7,16,4,2012,7,19,4,28.2,0.44,0,0,18,-67.5,Puerto,Rico
2012,7,19,4,2012,7,23,3,28.6,0.78,0.1,0,18,-67.5,Puerto,Rico
2012,7,23,3,2012,7,26,4,28.4,0.55,0,0,18,-67.5,Puerto,Rico
2012,7,26,4,2012,7,30,4,28.2,0.29,0,0,18,-67.5,Puerto,Rico
2012,7,30,4,2012,8,2,0,28.4,0.45,0,0,18,-67.5,Puerto,Rico
2012,8,2,0,2012,8,6,4,28.5,0.5,0,0,18,-67.5,Puerto,Rico
2012,8,6,4,2012,8,9,3,28.5,0.46,0,0,18,-67.5,Puerto,Rico
2012,8,9,3,2012,8,13,4,28.5,0.41,0,0,18,-67.5,Puerto,Rico
2012,8,13,4,2012,8,16,5,28.4,0.27,0,0,18,-67.5,Puerto,Rico
2012,8,16,5,2012,8,20,3,28.5,0.32,0,0,18,-67.5,Puerto,Rico
2012,8,20,3,2012,8,23,4,28.6,0.38,0.1,0,18,-67.5,Puerto,Rico
2012,8,23,4,2012,8,27,4,28.6,0.33,0.1,0,18,-67.5,Puerto,Rico
2012,8,27,4,2012,8,30,3,28.2,-0.11,0,0,18,-67.5,Puerto,Rico
2012,8,30,3,2012,9,3,5,28.7,0.34,0.2,0,18,-67.5,Puerto,Rico
2012,9,3,5,2012,9,6,3,28.7,0.3,0.2,0,18,-67.5,Puerto,Rico
2012,9,6,3,2012,9,10,4,29.3,0.85,0.8,0,18,-67.5,Puerto,Rico
2012,9,10,4,2012,9,13,5,29.3,0.81,0.8,0,18,-67.5,Puerto,Rico
2012,9,13,5,2012,9,17,3,29.5,1,1,0.5,18,-67.5,Puerto,Rico
2012,9,17,3,2012,9,20,5,29.6,1.1,1.1,1.05,18,-67.5,Puerto,Rico
2012,9,20,5,2012,9,24,3,29.4,0.9,0.9,1.05,18,-67.5,Puerto,Rico
2012,9,24,3,2012,9,27,3,29.4,0.9,0.9,1.05,18,-67.5,Puerto,Rico
2012,9,27,3,2012,10,1,5,29.5,1,1,1.55,18,-67.5,Puerto,Rico
2012,10,1,5,2012,10,4,3,29.5,1,1,2.05,18,-67.5,Puerto,Rico
2012,10,4,3,2012,10,8,5,29.4,0.9,0.9,2.05,18,-67.5,Puerto,Rico
2012,10,8,5,2012,10,11,5,29.6,1.1,1.1,2.6,18,-67.5,Puerto,Rico
2012,10,11,5,2012,10,15,3,29.6,1.11,1.1,3.15,18,-67.5,Puerto,Rico
2012,10,15,3,2012,10,18,5,29.2,0.73,0.7,3.15,18,-67.5,Puerto,Rico
2012,10,18,5,2012,10,22,3,29.2,0.75,0.7,3.15,18,-67.5,Puerto,Rico
2012,10,22,3,2012,10,25,3,29.2,0.77,0.7,3.15,18,-67.5,Puerto,Rico
2012,10,25,3,2012,10,29,2,29.1,0.7,0.6,3.15,18,-67.5,Puerto,Rico
2012,10,29,2,2012,11,1,3,29.1,0.72,0.6,3.15,18,-67.5,Puerto,Rico
2012,11,1,3,2012,11,5,5,29.1,0.74,0.6,3.15,18,-67.5,Puerto,Rico
2012,11,5,5,2012,11,8,3,29,0.66,0.5,3.15,18,-67.5,Puerto,Rico
2012,11,8,3,2012,11,12,3,29.1,0.79,0.6,3.15,18,-67.5,Puerto,Rico
2012,11,12,3,2012,11,15,5,28.9,0.63,0.4,3.15,18,-67.5,Puerto,Rico
2012,11,15,5,2012,11,19,4,29,0.87,0.5,3.15,18,-67.5,Puerto,Rico
2012,11,19,4,2012,11,22,3,28.9,0.87,0.4,3.15,18,-67.5,Puerto,Rico
2012,11,22,3,2012,11,26,5,29,1.1,0.5,3.15,18,-67.5,Puerto,Rico
2012,11,26,5,2012,11,29,3,29,1.2,0.5,3.15,18,-67.5,Puerto,Rico
2012,11,29,3,2012,12,3,4,28.6,0.93,0.1,3.15,18,-67.5,Puerto,Rico
2012,12,3,4,2012,12,6,5,28.6,1.03,0.1,3.15,18,-67.5,Puerto,Rico
2012,12,6,5,2012,12,10,3,28.5,1.07,0,2.65,18,-67.5,Puerto,Rico
2012,12,10,3,2012,12,13,5,28.3,0.97,0,2.1,18,-67.5,Puerto,Rico
2012,12,13,5,2012,12,17,4,28.1,0.86,0,2.1,18,-67.5,Puerto,Rico
2012,12,17,4,2012,12,20,4,28,0.82,0,2.1,18,-67.5,Puerto,Rico
2012,12,20,4,2012,12,24,5,27.9,0.79,0,1.6,18,-67.5,Puerto,Rico
2012,12,24,5,2012,12,27,3,27.9,0.85,0,1.1,18,-67.5,Puerto,Rico
2012,12,27,3,2012,12,31,3,27.7,0.73,0,1.1,18,-67.5,Puerto,Rico
2012,12,31,3,2013,1,3,5,27.7,0.77,0,0.55,18,-67.5,Puerto,Rico
2013,1,3,5,2013,1,7,3,27.4,0.55,0,0,18,-67.5,Puerto,Rico
2013,1,7,3,2013,1,10,5,27.4,0.6,0,0,18,-67.5,Puerto,Rico
2013,1,10,5,2013,1,14,4,27.3,0.58,0,0,18,-67.5,Puerto,Rico
2013,1,14,4,2013,1,17,3,27.2,0.54,0,0,18,-67.5,Puerto,Rico
2013,1,17,3,2013,1,21,5,27.2,0.62,0,0,18,-67.5,Puerto,Rico
2013,1,21,5,2013,1,24,3,27.1,0.58,0,0,18,-67.5,Puerto,Rico
2013,1,24,3,2013,1,28,3,27.1,0.66,0,0,18,-67.5,Puerto,Rico
2013,1,28,3,2013,1,31,5,26.9,0.52,0,0,18,-67.5,Puerto,Rico
2013,1,31,5,2013,2,4,3,26.7,0.4,0,0,18,-67.5,Puerto,Rico
2013,2,4,3,2013,2,7,5,26.7,0.46,0,0,18,-67.5,Puerto,Rico
2013,2,7,5,2013,2,11,4,26.6,0.44,0,0,18,-67.5,Puerto,Rico
2013,2,11,4,2013,2,14,3,26.3,0.2,0,0,18,-67.5,Puerto,Rico
2013,2,14,3,2013,2,18,5,26.4,0.33,0,0,18,-67.5,Puerto,Rico
2013,2,18,5,2013,2,21,4,26.2,0.15,0,0,18,-67.5,Puerto,Rico
2013,2,21,4,2013,2,25,3,26.3,0.28,0,0,18,-67.5,Puerto,Rico
2013,2,25,3,2013,2,28,5,26.3,0.3,0,0,18,-67.5,Puerto,Rico
2013,2,28,5,2013,3,4,3,26.3,0.32,0,0,18,-67.5,Puerto,Rico
2013,3,4,3,2013,3,7,5,26,0.04,0,0,18,-67.5,Puerto,Rico
2013,3,7,5,2013,3,11,4,26.3,0.37,0,0,18,-67.5,Puerto,Rico
2013,3,11,4,2013,3,14,3,26,0.09,0,0,18,-67.5,Puerto,Rico
2013,3,14,3,2013,3,18,5,26.1,0.16,0,0,18,-67.5,Puerto,Rico
2013,3,18,5,2013,3,21,3,26.2,0.22,0,0,18,-67.5,Puerto,Rico
2013,3,21,3,2013,3,25,3,26.4,0.37,0,0,18,-67.5,Puerto,Rico
2013,3,25,3,2013,3,28,5,26.7,0.63,0,0,18,-67.5,Puerto,Rico
2013,3,28,5,2013,4,1,3,26.6,0.48,0,0,18,-67.5,Puerto,Rico
2013,4,1,3,2013,4,4,5,26.5,0.34,0,0,18,-67.5,Puerto,Rico
2013,4,4,5,2013,4,8,4,26.8,0.59,0,0,18,-67.5,Puerto,Rico
2013,4,8,4,2013,4,11,3,26.9,0.65,0,0,18,-67.5,Puerto,Rico
2013,4,11,3,2013,4,15,4,27,0.7,0,0,18,-67.5,Puerto,Rico
2013,4,15,4,2013,4,18,4,26.9,0.52,0,0,18,-67.5,Puerto,Rico
2013,4,18,4,2013,4,22,3,27.2,0.71,0,0,18,-67.5,Puerto,Rico
2013,4,22,3,2013,4,25,4,27.1,0.53,0,0,18,-67.5,Puerto,Rico
2013,4,25,4,2013,4,29,3,27.4,0.73,0,0,18,-67.5,Puerto,Rico
2013,4,29,3,2013,5,2,3,27.4,0.65,0,0,18,-67.5,Puerto,Rico
2013,5,2,3,2013,5,6,4,27.5,0.64,0,0,18,-67.5,Puerto,Rico
2013,5,6,4,2013,5,9,3,27.6,0.66,0,0,18,-67.5,Puerto,Rico
2013,5,9,3,2013,5,13,4,28,0.95,0,0,18,-67.5,Puerto,Rico
2013,5,13,4,2013,5,16,4,28.3,1.19,0,0,18,-67.5,Puerto,Rico
2013,5,16,4,2013,5,20,3,28,0.84,0,0,18,-67.5,Puerto,Rico
2013,5,20,3,2013,5,23,4,28.1,0.9,0,0,18,-67.5,Puerto,Rico
2013,5,23,4,2013,5,27,3,27.8,0.55,0,0,18,-67.5,Puerto,Rico
2013,5,27,3,2013,5,30,3,28,0.71,0,0,18,-67.5,Puerto,Rico
2013,5,30,3,2013,6,3,4,27.3,-0.05,0,0,18,-67.5,Puerto,Rico
2013,6,3,4,2013,6,6,3,27.6,0.22,0,0,18,-67.5,Puerto,Rico
2013,6,6,3,2013,6,10,4,27.9,0.46,0,0,18,-67.5,Puerto,Rico
2013,6,10,4,2013,6,13,4,27.9,0.43,0,0,18,-67.5,Puerto,Rico
2013,6,13,4,2013,6,17,3,27.7,0.19,0,0,18,-67.5,Puerto,Rico
2013,6,17,3,2013,6,20,4,27.4,-0.13,0,0,18,-67.5,Puerto,Rico
2013,6,20,4,2013,6,24,3,27.9,0.34,0,0,18,-67.5,Puerto,Rico
2013,6,24,3,2013,6,27,3,28.1,0.52,0,0,18,-67.5,Puerto,Rico
2013,6,27,3,2013,7,1,4,27.9,0.29,0,0,18,-67.5,Puerto,Rico
2013,7,1,4,2013,7,4,3,28.1,0.47,0,0,18,-67.5,Puerto,Rico
2013,7,4,3,2013,7,8,4,28.1,0.45,0,0,18,-67.5,Puerto,Rico
2013,7,8,4,2013,7,11,4,28.1,0.43,0,0,18,-67.5,Puerto,Rico
2013,7,11,4,2013,7,15,3,28.2,0.5,0,0,18,-67.5,Puerto,Rico
2013,7,15,3,2013,7,18,4,28.4,0.66,0,0,18,-67.5,Puerto,Rico
2013,7,18,4,2013,7,22,3,28.2,0.41,0,0,18,-67.5,Puerto,Rico
2013,7,22,3,2013,7,25,3,28.3,0.47,0,0,18,-67.5,Puerto,Rico
2013,7,25,3,2013,7,29,4,28.4,0.52,0,0,18,-67.5,Puerto,Rico
2013,7,29,4,2013,8,1,3,28.7,0.78,0.2,0,18,-67.5,Puerto,Rico
2013,8,1,3,2013,8,5,4,28.8,0.83,0.3,0,18,-67.5,Puerto,Rico
2013,8,5,4,2013,8,8,4,28.8,0.79,0.3,0,18,-67.5,Puerto,Rico
2013,8,8,4,2013,8,12,3,29,0.94,0.5,0,18,-67.5,Puerto,Rico
2013,8,12,3,2013,8,15,4,28.6,0.5,0.1,0,18,-67.5,Puerto,Rico
2013,8,15,4,2013,8,19,3,28.9,0.75,0.4,0,18,-67.5,Puerto,Rico
2013,8,19,3,2013,8,22,3,29,0.81,0.5,0,18,-67.5,Puerto,Rico
2013,8,22,3,2013,8,26,4,28.6,0.36,0.1,0,18,-67.5,Puerto,Rico
2013,8,26,4,2013,8,29,3,28.9,0.62,0.4,0,18,-67.5,Puerto,Rico
2013,8,29,3,2013,9,2,5,29,0.67,0.5,0,18,-67.5,Puerto,Rico
2013,9,2,5,2013,9,5,4,29,0.63,0.5,0,18,-67.5,Puerto,Rico
2013,9,5,4,2013,9,9,3,28.6,0.18,0.1,0,18,-67.5,Puerto,Rico
2013,9,9,3,2013,9,12,5,28.3,-0.16,0,0,18,-67.5,Puerto,Rico
2013,9,12,5,2013,9,16,3,29,0.5,0.5,0,18,-67.5,Puerto,Rico
2013,9,16,3,2013,9,19,5,29.3,0.8,0.8,0,18,-67.5,Puerto,Rico
2013,9,19,5,2013,9,23,3,29.4,0.9,0.9,0,18,-67.5,Puerto,Rico
2013,9,23,3,2013,9,26,3,29.6,1.1,1.1,0.55,18,-67.5,Puerto,Rico
2013,9,26,3,2013,9,30,5,29.6,1.1,1.1,1.1,18,-67.5,Puerto,Rico
2013,9,30,5,2013,10,3,3,29.5,1,1,1.6,18,-67.5,Puerto,Rico
2013,10,3,3,2013,10,7,3,29.7,1.2,1.2,2.2,18,-67.5,Puerto,Rico
2013,10,7,3,2013,10,10,5,29.6,1.1,1.1,2.75,18,-67.5,Puerto,Rico
2013,10,10,5,2013,10,14,3,29.4,0.9,0.9,2.75,18,-67.5,Puerto,Rico
2013,10,14,3,2013,10,17,5,29.4,0.91,0.9,2.75,18,-67.5,Puerto,Rico
2013,10,17,5,2013,10,21,3,29.4,0.94,0.9,2.75,18,-67.5,Puerto,Rico
2013,10,21,3,2013,10,24,3,29.4,0.96,0.9,2.75,18,-67.5,Puerto,Rico
2013,10,24,3,2013,10,28,5,29.3,0.88,0.8,2.75,18,-67.5,Puerto,Rico
2013,10,28,5,2013,10,31,3,29.3,0.9,0.8,2.75,18,-67.5,Puerto,Rico
2013,10,31,3,2013,11,4,3,29.1,0.73,0.6,2.75,18,-67.5,Puerto,Rico
2013,11,4,3,2013,11,7,5,29.1,0.75,0.6,2.75,18,-67.5,Puerto,Rico
2013,11,7,16,2013,11,11,3,29,0.67,0.5,2.75,18,-67.5,Puerto,Rico
2013,11,11,3,2013,11,14,5,28.8,0.49,0.3,2.75,18,-67.5,Puerto,Rico
2013,11,14,5,2013,11,18,3,28.6,0.4,0.1,2.75,18,-67.5,Puerto,Rico
2013,11,18,3,2013,11,21,3,28.5,0.4,0,2.75,18,-67.5,Puerto,Rico
2013,11,21,3,2013,11,25,5,28.4,0.43,0,2.75,18,-67.5,Puerto,Rico
2013,11,25,5,2013,11,28,3,28.3,0.43,0,2.75,18,-67.5,Puerto,Rico
2013,11,28,3,2013,12,2,3,28.2,0.47,0,2.75,18,-67.5,Puerto,Rico
2013,12,2,3,2013,12,5,5,28.1,0.47,0,2.75,18,-67.5,Puerto,Rico
2013,12,5,5,2013,12,9,4,27.8,0.3,0,2.75,18,-67.5,Puerto,Rico
2013,12,9,4,2013,12,12,5,27.7,0.3,0,2.75,18,-67.5,Puerto,Rico
2013,12,12,5,2013,12,16,3,27.3,0.02,0,2.75,18,-67.5,Puerto,Rico
2013,12,16,3,2013,12,19,4,27.5,0.28,0,2.2,18,-67.5,Puerto,Rico
2013,12,19,4,2013,12,23,5,27.5,0.35,0,1.65,18,-67.5,Puerto,Rico
2013,12,23,5,2013,12,26,3,27.3,0.21,0,1.15,18,-67.5,Puerto,Rico
2013,12,26,3,2013,12,30,5,27.3,0.29,0,0.55,18,-67.5,Puerto,Rico
2013,12,30,5,2014,1,2,5,27.2,0.25,0,0,18,-67.5,Puerto,Rico
2014,1,2,5,2014,1,6,4,27.2,0.33,0,0,18,-67.5,Puerto,Rico
2014,1,6,4,2014,1,9,5,27.1,0.28,0,0,18,-67.5,Puerto,Rico
2014,1,9,5,2014,1,13,3,26.9,0.16,0,0,18,-67.5,Puerto,Rico
2014,1,13,3,2014,1,15,22,26.9,0.2,0,0,18,-67.5,Puerto,Rico
2014,1,16,22,2014,1,20,5,26.8,0.2,0,0,18,-67.5,Puerto,Rico
2014,1,20,5,2014,1,23,3,26.8,0.26,0,0,18,-67.5,Puerto,Rico
2014,1,23,3,2014,1,27,5,26.9,0.44,0,0,18,-67.5,Puerto,Rico
2014,1,27,5,2014,1,30,4,26.6,0.2,0,0,18,-67.5,Puerto,Rico
2014,1,30,4,2014,2,3,3,26.7,0.38,0,0,18,-67.5,Puerto,Rico
2014,2,3,3,2014,2,6,5,26.6,0.34,0,0,18,-67.5,Puerto,Rico
2014,2,6,5,2014,2,10,3,26.6,0.42,0,0,18,-67.5,Puerto,Rico
2014,2,10,3,2014,2,13,3,26.6,0.48,0,0,18,-67.5,Puerto,Rico
2014,2,13,3,2014,2,17,5,26.6,0.52,0,0,18,-67.5,Puerto,Rico
2014,2,17,5,2014,2,20,3,26.6,0.54,0,0,18,-67.5,Puerto,Rico
2014,2,20,3,2014,2,24,5,26.5,0.47,0,0,18,-67.5,Puerto,Rico
2014,2,24,5,2014,2,27,4,26.5,0.49,0,0,18,-67.5,Puerto,Rico
2014,2,27,4,2014,3,3,3,26.5,0.52,0,0,18,-67.5,Puerto,Rico
2014,3,3,3,2014,3,6,5,26.5,0.54,0,0,18,-67.5,Puerto,Rico
2014,3,6,5,2014,3,10,3,26.7,0.77,0,0,18,-67.5,Puerto,Rico
2014,3,10,3,2014,3,13,3,26.6,0.69,0,0,18,-67.5,Puerto,Rico
2014,3,13,3,2014,3,17,4,26.6,0.67,0,0,18,-67.5,Puerto,Rico
2014,3,17,4,2014,3,20,3,26.7,0.74,0,0,18,-67.5,Puerto,Rico
2014,3,20,3,2014,3,24,5,26.7,0.68,0,0,18,-67.5,Puerto,Rico
2014,3,24,5,2014,3,27,4,26.5,0.45,0,0,18,-67.5,Puerto,Rico
2014,3,27,4,2014,3,31,3,26.9,0.79,0,0,18,-67.5,Puerto,Rico
2014,3,31,3,2014,4,3,4,26.8,0.65,0,0,18,-67.5,Puerto,Rico
2014,4,3,4,2014,4,7,3,26.9,0.7,0,0,18,-67.5,Puerto,Rico
2014,4,7,3,2014,4,10,3,27,0.76,0,0,18,-67.5,Puerto,Rico
2014,4,10,3,2014,4,14,4,26.9,0.61,0,0,18,-67.5,Puerto,Rico
2014,4,14,4,2014,4,17,3,27.1,0.75,0,0,18,-67.5,Puerto,Rico
2014,4,17,3,2014,4,21,5,27.2,0.74,0,0,18,-67.5,Puerto,Rico
2014,4,21,5,2014,4,24,4,27,0.46,0,0,18,-67.5,Puerto,Rico
2014,4,24,4,2014,4,28,3,27.3,0.65,0,0,18,-67.5,Puerto,Rico
2014,4,28,3,2014,5,1,4,27.3,0.57,0,0,18,-67.5,Puerto,Rico
2014,5,1,4,2014,5,5,3,27.3,0.47,0,0,18,-67.5,Puerto,Rico
2014,5,5,3,2014,5,8,4,27.7,0.79,0,0,18,-67.5,Puerto,Rico
2014,5,8,4,2014,5,12,4,27.7,0.68,0,0,18,-67.5,Puerto,Rico
2014,5,12,4,2014,5,15,3,27.5,0.4,0,0,18,-67.5,Puerto,Rico
2014,5,15,3,2014,5,19,4,27.5,0.35,0,0,18,-67.5,Puerto,Rico
2014,5,19,4,2014,5,22,4,27.7,0.51,0,0,18,-67.5,Puerto,Rico
2014,5,22,4,2014,5,26,5,27.8,0.56,0,0,18,-67.5,Puerto,Rico
2014,5,26,5,2014,5,29,4,27.7,0.42,0,0,18,-67.5,Puerto,Rico
2014,5,29,4,2014,6,2,3,27.9,0.57,0,0,18,-67.5,Puerto,Rico
2014,6,2,3,2014,6,5,4,27.5,0.13,0,0,18,-67.5,Puerto,Rico
2014,6,5,4,2014,6,9,4,27.7,0.28,0,0,18,-67.5,Puerto,Rico
2014,6,9,4,2014,6,12,3,27.8,0.34,0,0,18,-67.5,Puerto,Rico
2014,6,12,3,2014,6,16,4,27.7,0.19,0,0,18,-67.5,Puerto,Rico
2014,6,19,3,2014,6,23,4,27.7,0.15,0,0,18,-67.5,Puerto,Rico
2014,6,23,4,2014,6,26,4,27.7,0.13,0,0,18,-67.5,Puerto,Rico
2014,6,26,4,2014,6,30,3,28.2,0.6,0,0,18,-67.5,Puerto,Rico
2014,6,30,3,2014,7,3,4,27.8,0.18,0,0,18,-67.5,Puerto,Rico
2014,7,3,4,2014,7,7,4,28.4,0.75,0,0,18,-67.5,Puerto,Rico
2014,7,7,4,2014,7,10,3,28.2,0.53,0,0,18,-67.5,Puerto,Rico
2014,7,10,3,2014,7,14,4,28.3,0.61,0,0,18,-67.5,Puerto,Rico
2014,7,14,4,2014,7,17,3,28.4,0.67,0,0,18,-67.5,Puerto,Rico
2014,7,17,3,2014,7,21,4,28.5,0.72,0,0,18,-67.5,Puerto,Rico
2014,7,21,4,2014,7,24,4,28.2,0.38,0,0,18,-67.5,Puerto,Rico
2014,7,24,4,2014,7,28,3,28,0.13,0,0,18,-67.5,Puerto,Rico
2014,7,28,3,2014,7,31,4,27.8,-0.11,0,0,18,-67.5,Puerto,Rico
2014,7,31,4,2014,8,4,3,28.7,0.74,0.2,0,18,-67.5,Puerto,Rico
2014,8,4,3,2014,8,7,5,28.7,0.7,0.2,0,18,-67.5,Puerto,Rico
2014,8,7,5,2014,8,11,4,28.3,0.25,0,0,18,-67.5,Puerto,Rico
2014,8,11,4,2014,8,14,3,28.3,0.21,0,0,18,-67.5,Puerto,Rico
2014,8,14,3,2014,8,18,4,28.2,0.06,0,0,18,-67.5,Puerto,Rico
2014,8,18,4,2014,8,21,3,28.7,0.52,0.2,0,18,-67.5,Puerto,Rico
2014,8,21,3,2014,8,25,3,28.9,0.67,0.4,0,18,-67.5,Puerto,Rico
2014,8,25,3,2014,8,28,4,28.9,0.63,0.4,0,18,-67.5,Puerto,Rico
2014,8,28,4,2014,9,1,3,28.9,0.58,0.4,0,18,-67.5,Puerto,Rico
2014,9,1,3,2014,9,4,4,28.9,0.54,0.4,0,18,-67.5,Puerto,Rico
2014,9,4,4,2014,9,8,3,28.9,0.49,0.4,0,18,-67.5,Puerto,Rico
2014,9,8,3,2014,9,11,3,28.9,0.45,0.4,0,18,-67.5,Puerto,Rico
2014,9,11,3,2014,9,15,4,28.5,0,0,0,18,-67.5,Puerto,Rico
2014,9,15,4,2014,9,18,3,29,0.5,0.5,0,18,-67.5,Puerto,Rico
2014,9,18,3,2014,9,22,5,29,0.5,0.5,0,18,-67.5,Puerto,Rico
2014,9,22,5,2014,9,25,4,29,0.5,0.5,0,18,-67.5,Puerto,Rico
2014,9,25,4,2014,9,29,3,29.1,0.6,0.6,0,18,-67.5,Puerto,Rico
2014,9,29,3,2014,10,2,5,29.2,0.7,0.7,0,18,-67.5,Puerto,Rico
2014,10,2,5,2014,10,6,3,28.8,0.3,0.3,0,18,-67.5,Puerto,Rico
2014,10,6,3,2014,10,9,3,29,0.5,0.5,0,18,-67.5,Puerto,Rico
2014,10,9,3,2014,10,13,4,29.1,0.6,0.6,0,18,-67.5,Puerto,Rico
2014,10,13,4,2014,10,16,3,29.2,0.71,0.7,0,18,-67.5,Puerto,Rico
2014,10,16,3,2014,10,20,5,29.2,0.73,0.7,0,18,-67.5,Puerto,Rico
2014,10,20,5,2014,10,23,3,29.4,0.95,0.9,0,18,-67.5,Puerto,Rico
2014,10,23,3,2014,10,27,3,29.4,0.98,0.9,0,18,-67.5,Puerto,Rico
2014,10,27,3,2014,10,30,5,29.4,1,0.9,0,18,-67.5,Puerto,Rico
2014,10,30,5,2014,11,3,3,29.5,1.12,1,0.5,18,-67.5,Puerto,Rico
2014,11,3,3,2014,11,6,5,29.6,1.24,1.1,1.05,18,-67.5,Puerto,Rico
2014,11,6,5,2014,11,10,3,29.6,1.27,1.1,1.6,18,-67.5,Puerto,Rico
2014,11,10,3,2014,11,13,3,28.8,0.49,0.3,1.6,18,-67.5,Puerto,Rico
2014,11,13,3,2014,11,17,4,28.7,0.47,0.2,1.6,18,-67.5,Puerto,Rico
2014,11,17,4,2014,11,20,4,28.8,0.67,0.3,1.6,18,-67.5,Puerto,Rico
2014,11,20,4,2014,11,24,3,28.8,0.8,0.3,1.6,18,-67.5,Puerto,Rico
2014,11,24,3,2014,11,27,4,28.8,0.9,0.3,1.6,18,-67.5,Puerto,Rico
2014,11,27,4,2014,12,1,4,28.4,0.63,0,1.6,18,-67.5,Puerto,Rico
2014,12,1,4,2014,12,4,5,28.5,0.83,0,1.6,18,-67.5,Puerto,Rico
2014,12,4,5,2014,12,8,3,28,0.47,0,1.6,18,-67.5,Puerto,Rico
2014,12,8,3,2014,12,11,4,27.9,0.47,0,1.6,18,-67.5,Puerto,Rico
2014,12,11,4,2014,12,15,4,27.6,0.3,0,1.6,18,-67.5,Puerto,Rico
2014,12,15,4,2014,12,18,3,27.8,0.56,0,1.6,18,-67.5,Puerto,Rico
2014,12,18,3,2014,12,22,5,27.7,0.54,0,1.6,18,-67.5,Puerto,Rico
2014,12,22,5,2014,12,25,4,27.6,0.49,0,1.6,18,-67.5,Puerto,Rico
2014,12,25,4,2014,12,29,4,27.5,0.47,0,1.6,18,-67.5,Puerto,Rico
2014,12,29,4,2015,1,1,5,27.4,0.43,0,1.6,18,-67.5,Puerto,Rico
2015,1,1,5,2015,1,5,3,27.2,0.31,0,1.6,18,-67.5,Puerto,Rico
2015,1,5,3,2015,1,8,3,27,0.16,0,1.6,18,-67.5,Puerto,Rico
2015,1,8,3,2015,1,12,4,27,0.24,0,1.6,18,-67.5,Puerto,Rico
2015,1,12,4,2015,1,15,3,27,0.3,0,1.6,18,-67.5,Puerto,Rico
2015,1,15,3,2015,1,19,5,27,0.38,0,1.6,18,-67.5,Puerto,Rico
2015,1,19,5,2015,1,22,3,27,0.44,0,1.6,18,-67.5,Puerto,Rico
2015,1,22,3,2015,1,26,3,27.1,0.62,0,1.6,18,-67.5,Puerto,Rico
2015,1,26,3,2015,1,29,4,27.1,0.68,0,1.1,18,-67.5,Puerto,Rico
2015,1,29,4,2015,2,2,3,26.9,0.56,0,0.55,18,-67.5,Puerto,Rico
2015,2,2,3,2015,2,5,5,27,0.72,0,0,18,-67.5,Puerto,Rico
2015,2,5,5,2015,2,9,4,27,0.8,0,0,18,-67.5,Puerto,Rico
2015,2,9,4,2015,2,12,3,26.9,0.76,0,0,18,-67.5,Puerto,Rico
2015,2,12,3,2015,2,16,4,26.8,0.71,0,0,18,-67.5,Puerto,Rico
2015,2,16,4,2015,2,19,3,27,0.93,0,0,18,-67.5,Puerto,Rico
2015,2,19,3,2015,2,23,5,27,0.96,0,0,18,-67.5,Puerto,Rico
2015,2,23,5,2015,2,26,4,26.9,0.88,0,0,18,-67.5,Puerto,Rico
2015,2,26,4,2015,3,2,3,27,1.01,0,0,18,-67.5,Puerto,Rico
2015,3,2,3,2015,3,5,4,26.9,0.93,0,0,18,-67.5,Puerto,Rico
2015,3,5,4,2015,3,9,3,26.8,0.86,0,0,18,-67.5,Puerto,Rico
2015,3,9,3,2015,3,12,3,26.7,0.78,0,0,18,-67.5,Puerto,Rico
2015,3,12,3,2015,3,16,4,26.7,0.79,0,0,18,-67.5,Puerto,Rico
2015,3,16,4,2015,3,19,3,26.7,0.75,0,0,18,-67.5,Puerto,Rico
2015,3,19,3,2015,3,23,4,26.7,0.7,0,0,18,-67.5,Puerto,Rico
2015,3,23,4,2015,3,26,4,26.9,0.86,0,0,18,-67.5,Puerto,Rico
2015,3,26,4,2015,3,30,3,26.9,0.81,0,0,18,-67.5,Puerto,Rico
2015,3,30,3,2015,4,2,4,26.8,0.67,0,0,18,-67.5,Puerto,Rico
2015,4,2,4,2015,4,6,3,26.8,0.62,0,0,18,-67.5,Puerto,Rico
2015,4,6,3,2015,4,9,5,26.7,0.48,0,0,18,-67.5,Puerto,Rico
2015,4,9,5,2015,4,13,4,26.7,0.43,0,0,18,-67.5,Puerto,Rico
2015,4,13,4,2015,4,16,3,26.8,0.47,0,0,18,-67.5,Puerto,Rico
2015,4,16,3,2015,4,20,4,26.7,0.27,0,0,18,-67.5,Puerto,Rico
2015,4,20,4,2015,4,23,3,27,0.49,0,0,18,-67.5,Puerto,Rico
2015,4,23,3,2015,4,27,5,27.3,0.68,0,0,18,-67.5,Puerto,Rico
2015,4,27,5,2015,4,30,4,26.8,0.1,0,0,18,-67.5,Puerto,Rico
2015,4,30,4,2015,5,4,3,27.3,0.49,0,0,18,-67.5,Puerto,Rico
2015,5,4,3,2015,5,7,4,27,0.11,0,0,18,-67.5,Puerto,Rico
2015,5,7,4,2015,5,11,3,26.9,-0.09,0,0,18,-67.5,Puerto,Rico
2015,5,11,3,2015,5,14,3,26.8,-0.27,0,0,18,-67.5,Puerto,Rico
2015,5,14,3,2015,5,18,4,26.8,-0.34,0,0,18,-67.5,Puerto,Rico
2015,5,18,4,2015,5,21,3,27.4,0.22,0,0,18,-67.5,Puerto,Rico
2015,5,21,3,2015,5,25,4,27.3,0.07,0,0,18,-67.5,Puerto,Rico
2015,5,25,4,2015,5,28,4,27.7,0.43,0,0,18,-67.5,Puerto,Rico
2015,5,28,4,2015,6,1,3,27.9,0.58,0,0,18,-67.5,Puerto,Rico
2015,6,1,3,2015,6,4,4,27.9,0.54,0,0,18,-67.5,Puerto,Rico
2015,6,4,4,2015,6,8,3,28.2,0.79,0,0,18,-67.5,Puerto,Rico
2015,6,8,3,2015,6,11,4,27.5,0.05,0,0,18,-67.5,Puerto,Rico
2015,6,11,4,2015,6,15,4,28.1,0.6,0,0,18,-67.5,Puerto,Rico
2015,6,15,4,2015,6,18,3,28,0.48,0,0,18,-67.5,Puerto,Rico
2015,6,18,3,2015,6,22,2,28,0.45,0,0,18,-67.5,Puerto,Rico
2015,6,22,2,2015,6,25,3,27.9,0.33,0,0,18,-67.5,Puerto,Rico
2015,6,25,3,2015,6,29,4,27.7,0.11,0,0,18,-67.5,Puerto,Rico
2015,6,29,4,2015,7,2,4,28,0.39,0,0,18,-67.5,Puerto,Rico
2015,7,2,4,2015,7,6,3,27.6,-0.04,0,0,18,-67.5,Puerto,Rico
2015,7,6,3,2015,7,9,4,27.6,-0.06,0,0,18,-67.5,Puerto,Rico
2015,7,9,4,2015,7,13,3,28,0.31,0,0,18,-67.5,Puerto,Rico
2015,7,13,3,2015,7,16,3,28,0.29,0,0,18,-67.5,Puerto,Rico
2015,7,16,3,2015,7,20,4,27.9,0.14,0,0,18,-67.5,Puerto,Rico
2015,7,20,4,2015,7,23,3,28.1,0.3,0,0,18,-67.5,Puerto,Rico
2015,7,23,3,2015,7,27,4,28.4,0.55,0,0,18,-67.5,Puerto,Rico
2015,7,27,4,2015,7,30,4,27.8,-0.09,0,0,18,-67.5,Puerto,Rico
2015,7,30,4,2015,8,3,5,28.4,0.45,0,0,18,-67.5,Puerto,Rico
2015,8,3,5,2015,8,6,4,28.3,0.32,0,0,18,-67.5,Puerto,Rico
2015,8,6,4,2015,8,10,3,28.5,0.46,0,0,18,-67.5,Puerto,Rico
2015,8,10,3,2015,8,13,5,28.3,0.23,0,0,18,-67.5,Puerto,Rico
2015,8,13,5,2015,8,17,4,28.8,0.67,0.3,0,18,-67.5,Puerto,Rico
2015,8,17,4,2015,8,20,3,28.6,0.44,0.1,0,18,-67.5,Puerto,Rico
2015,8,20,3,2015,8,24,4,28.6,0.38,0.1,0,18,-67.5,Puerto,Rico
2015,8,24,4,2015,8,27,3,28.9,0.65,0.4,0,18,-67.5,Puerto,Rico
2015,8,27,3,2015,8,31,5,28.9,0.59,0.4,0,18,-67.5,Puerto,Rico
2015,8,31,5,2015,9,3,4,28.7,0.35,0.2,0,18,-67.5,Puerto,Rico
2015,9,3,4,2015,9,7,3,29,0.6,0.5,0,18,-67.5,Puerto,Rico
2015,9,7,3,2015,9,10,4,29.4,0.96,0.9,0,18,-67.5,Puerto,Rico
2015,9,10,4,2015,9,14,3,29.3,0.81,0.8,0,18,-67.5,Puerto,Rico
2015,9,14,3,2015,9,17,5,29,0.5,0.5,0,18,-67.5,Puerto,Rico
2015,9,17,5,2015,9,21,3,29.2,0.7,0.7,0,18,-67.5,Puerto,Rico
2015,9,21,3,2015,9,24,3,29.4,0.9,0.9,0,18,-67.5,Puerto,Rico
2015,9,24,3,2015,9,28,4,29.5,1,1,0.5,18,-67.5,Puerto,Rico
2015,9,28,4,2015,10,1,3,29.6,1.1,1.1,1.05,18,-67.5,Puerto,Rico
2015,10,1,3,2015,10,5,5,29.6,1.1,1.1,1.6,18,-67.5,Puerto,Rico
2015,10,5,5,2015,10,8,4,29.5,1,1,2.1,18,-67.5,Puerto,Rico
2015,10,8,4,2015,10,12,3,29.4,0.9,0.9,2.1,18,-67.5,Puerto,Rico
2015,10,12,3,2015,10,15,4,29.4,0.9,0.9,2.1,18,-67.5,Puerto,Rico
2015,10,15,4,2015,10,19,3,29.6,1.13,1.1,2.65,18,-67.5,Puerto,Rico
2015,10,19,3,2015,10,22,3,29.6,1.15,1.1,3.2,18,-67.5,Puerto,Rico
2015,10,22,3,2015,10,26,3,29.6,1.17,1.1,3.75,18,-67.5,Puerto,Rico
2015,10,26,3,2015,10,29,3,29.5,1.09,1,4.25,18,-67.5,Puerto,Rico
2015,10,29,3,2015,11,2,4,29.5,1.12,1,4.75,18,-67.5,Puerto,Rico
2015,11,2,4,2015,11,5,3,29.4,1.04,0.9,4.75,18,-67.5,Puerto,Rico
2015,11,5,3,2015,11,9,3,29.3,0.96,0.8,4.75,18,-67.5,Puerto,Rico
2015,11,9,3,2015,11,12,4,29,0.68,0.5,4.75,18,-67.5,Puerto,Rico
2015,11,12,4,2015,11,16,3,29,0.73,0.5,4.75,18,-67.5,Puerto,Rico
2015,11,16,3,2015,11,19,4,29,0.83,0.5,4.75,18,-67.5,Puerto,Rico
2015,11,19,4,2015,11,23,4,28.7,0.67,0.2,4.75,18,-67.5,Puerto,Rico
2015,11,23,4,2015,11,26,4,28.6,0.67,0.1,4.75,18,-67.5,Puerto,Rico
2015,11,26,4,2015,11,30,4,28.6,0.8,0.1,4.75,18,-67.5,Puerto,Rico
2015,11,30,4,2015,12,3,4,28.4,0.7,0,4.75,18,-67.5,Puerto,Rico
2015,12,3,4,2015,12,7,4,27.9,0.33,0,4.75,18,-67.5,Puerto,Rico
2015,12,7,4,2015,12,10,4,28.1,0.63,0,4.75,18,-67.5,Puerto,Rico
2015,12,10,4,2015,12,14,4,28.1,0.77,0,4.75,18,-67.5,Puerto,Rico
2015,12,14,4,2015,12,17,4,27.8,0.54,0,4.75,18,-67.5,Puerto,Rico
2015,12,17,4,2015,12,21,4,27.8,0.62,0,4.25,18,-67.5,Puerto,Rico
2015,12,21,4,2015,12,24,5,27.6,0.47,0,3.7,18,-67.5,Puerto,Rico
2015,12,24,5,2015,12,28,4,27.6,0.55,0,3.15,18,-67.5,Puerto,Rico
2015,12,28,4,2015,12,31,4,27.5,0.51,0,2.65,18,-67.5,Puerto,Rico
2015,12,31,4,2016,1,4,4,27.2,0.29,0,2.65,18,-67.5,Puerto,Rico
2016,1,4,4,2016,1,7,4,27.2,0.35,0,2.65,18,-67.5,Puerto,Rico
2016,1,7,4,2016,1,11,4,27.3,0.52,0,2.1,18,-67.5,Puerto,Rico
2016,1,11,4,2016,1,14,4,27.4,0.68,0,1.55,18,-67.5,Puerto,Rico
2016,1,14,4,2016,1,18,4,27.3,0.66,0,1,18,-67.5,Puerto,Rico
2016,1,18,4,2016,1,21,4,27.3,0.72,0,0.5,18,-67.5,Puerto,Rico
2016,1,21,4,2016,1,25,3,27.2,0.7,0,0,18,-67.5,Puerto,Rico
2016,1,25,3,2016,1,28,3,27.1,0.66,0,0,18,-67.5,Puerto,Rico
2016,1,28,0,2016,2,1,0,27.1,0.63,0,0,18,-67.5,Puerto,Rico
2016,2,1,0,2016,2,4,0,27.1,0.67,0,0,18,-67.5,Puerto,Rico
2016,2,4,0,2016,2,8,0,27,0.62,0,0,18,-67.5,Puerto,Rico
2016,2,8,0,2016,2,11,0,27,0.66,0,0,18,-67.5,Puerto,Rico
2016,2,11,0,2016,2,15,0,27,0.7,0,0,18,-67.5,Puerto,Rico
2016,2,15,0,2016,2,18,0,27,0.7,0,0,18,-67.5,Puerto,Rico
2016,2,18,0,2016,2,22,0,27,0.7,0,0,18,-67.5,Puerto,Rico
2016,2,22,0,2016,2,25,0,27.1,0.8,0,0,18,-67.5,Puerto,Rico
2016,2,25,0,2016,2,29,0,27.2,0.9,0,0,18,-67.5,Puerto,Rico
2016,2,29,0,2016,3,3,0,27.3,1,0,0,18,-67.5,Puerto,Rico
2016,3,3,0,2016,3,7,0,27.3,1,0,0,18,-67.5,Puerto,Rico
2016,3,7,0,2016,3,10,0,27.2,0.9,0,0,18,-67.5,Puerto,Rico
2016,3,10,0,2016,3,14,0,26.9,0.6,0,0,18,-67.5,Puerto,Rico
2016,3,14,0,2016,3,17,0,26.9,0.54,0,0,18,-67.5,Puerto,Rico
2016,3,17,0,2016,3,21,0,26.9,0.46,0,0,18,-67.5,Puerto,Rico
2016,3,21,0,2016,3,24,0,27.1,0.61,0,0,18,-67.5,Puerto,Rico
2016,3,24,0,2016,3,28,0,27.2,0.63,0,0,18,-67.5,Puerto,Rico
2016,3,28,0,2016,3,31,0,27,0.37,0,0,18,-67.5,Puerto,Rico
2016,3,31,0,2016,4,4,0,27,0.29,0,0,18,-67.5,Puerto,Rico
2016,4,4,0,2016,4,7,0,27.2,0.44,0,0,18,-67.5,Puerto,Rico
2016,4,7,0,2016,4,11,0,27.4,0.56,0,0,18,-67.5,Puerto,Rico
2016,4,11,0,2016,4,14,0,27.5,0.6,0,0,18,-67.5,Puerto,Rico
2016,4,14,0,2016,4,18,0,27.9,0.91,0,0,18,-67.5,Puerto,Rico
2016,4,18,0,2016,4,21,0,27.7,0.64,0,0,18,-67.5,Puerto,Rico
2016,4,21,0,2016,4,25,0,27.7,0.54,0,0,18,-67.5,Puerto,Rico
2016,4,25,0,2016,4,28,0,27.8,0.57,0,0,18,-67.5,Puerto,Rico
2016,4,28,0,2016,5,2,0,28.1,0.78,0,0,18,-67.5,Puerto,Rico
2016,5,2,0,2016,5,5,0,28,0.61,0,0,18,-67.5,Puerto,Rico
2016,5,5,0,2016,5,9,0,28,0.52,0,0,18,-67.5,Puerto,Rico
2016,5,9,0,2016,5,12,0,27.8,0.25,0,0,18,-67.5,Puerto,Rico
2016,5,12,0,2016,5,16,0,28.2,0.59,0,0,18,-67.5,Puerto,Rico
2016,5,16,0,2016,5,19,0,28.2,0.57,0,0,18,-67.5,Puerto,Rico
2016,5,19,0,2016,5,23,0,28.4,0.74,0,0,18,-67.5,Puerto,Rico
2016,5,23,0,2016,5,26,0,28.6,0.92,0,0,18,-67.5,Puerto,Rico
2016,5,26,0,2016,5,30,0,28.6,0.9,0,0,18,-67.5,Puerto,Rico
2016,5,30,0,2016,6,2,0,28.7,0.98,0,0,18,-67.5,Puerto,Rico
2016,6,2,0,2016,6,6,0,28.3,0.55,0,0,18,-67.5,Puerto,Rico
2016,6,6,0,2016,6,9,0,28.6,0.83,0,0,18,-67.5,Puerto,Rico
2016,6,9,0,2016,6,13,0,28.5,0.71,0,0,18,-67.5,Puerto,Rico
2016,6,13,0,2016,6,16,0,28.5,0.68,0,0,18,-67.5,Puerto,Rico
2016,6,16,0,2016,6,20,0,28.8,0.94,0,0,18,-67.5,Puerto,Rico
2016,6,20,0,2016,6,23,0,28.8,0.91,0,0,18,-67.5,Puerto,Rico
2016,6,23,0,2016,6,27,0,28.5,0.57,0,0,18,-67.5,Puerto,Rico
2016,6,27,0,2016,6,30,0,28.7,0.74,0,0,18,-67.5,Puerto,Rico
2016,6,30,0,2016,7,4,0,28.6,0.6,0,0,18,-67.5,Puerto,Rico
2016,7,4,0,2016,7,7,0,28.6,0.57,0,0,18,-67.5,Puerto,Rico
2016,7,7,0,2016,7,11,0,28.8,0.73,0,0,18,-67.5,Puerto,Rico
2016,7,11,0,2016,7,14,0,28.8,0.7,0,0,18,-67.5,Puerto,Rico
2016,7,14,0,2016,7,18,0,28.9,0.76,0,0,18,-67.5,Puerto,Rico
2016,7,18,0,2016,7,21,0,28.9,0.73,0,0,18,-67.5,Puerto,Rico
2016,7,21,0,2016,7,25,0,28.9,0.69,0,0,18,-67.5,Puerto,Rico
2016,7,25,0,2016,7,28,0,29,0.76,0.1,0,18,-67.5,Puerto,Rico
2016,7,28,0,2016,8,1,0,29.1,0.83,0.2,0,18,-67.5,Puerto,Rico
2016,8,1,0,2016,8,4,0,29,0.7,0.1,0,18,-67.5,Puerto,Rico
2016,8,4,0,2016,8,8,0,29.2,0.86,0.3,0,18,-67.5,Puerto,Rico
2016,8,8,0,2016,8,11,0,29.4,1.03,0.5,0,18,-67.5,Puerto,Rico